Index,Stock Value,Weighted Average,Sigma,Portfolio Value
0,4.16,4.16,0,100
1,4.12,4.1588,0.0274357,100
2,4.16,4.15884,0.0224112,100.097
3,4.195,4.15992,0.0261599,100.182
4,4.1801,4.16053,0.024982,100.146
5,4.21,4.16201,0.0300652,100.218
6,4.215,4.1636,0.0339442,100.231
7,4.18,4.16409,0.0322462,100.146
8,4.135,4.16322,0.0318239,100.036
9,4.125,4.16207,0.0323871,99.9904
10,4.165,4.16216,0.0308917,100.253
11,4.18,4.1627,0.0299954,100.352
12,4.205,4.16396,0.0309846,100.516
13,4.195,4.1649,0.0309226,100.45
14,4.17,4.16505,0.0299014,100.286
15,4.16,4.1649,0.0289778,100.22
16,4.2,4.16595,0.0293004,100.483
17,4.205,4.16712,0.0298417,100.516
18,4.2,4.16811,0.029953,100.483
19,4.16,4.16787,0.0292475,100.22
20,4.14,4.16703,0.0291457,100.089
21,4.2,4.16802,0.0292806,100.589
22,4.235,4.17003,0.0316799,100.88
23,4.275,4.17318,0.0373336,101.213
24,4.255,4.17563,0.039875,101.047
25,4.28,4.17876,0.0438527,101.255
26,4.25,4.1809,0.0450409,101.005
27,4.255,4.18312,0.0462681,101.047
28,4.3,4.18663,0.0501012,101.421
29,4.1911,4.18676,0.0492654,100.514
30,4.24,4.18836,0.0493438,100.922
31,4.244,4.19003,0.0494949,100.955
32,4.22,4.19093,0.0490013,100.755
33,4.23,4.1921,0.0487109,100.838
34,4.23,4.19324,0.0484104,100.838
35,4.21,4.19374,0.0478102,100.672
36,4.29,4.19663,0.049595,101.338
37,4.34,4.20093,0.0538878,101.755
38,4.37,4.206,0.0593217,102.004
39,4.35,4.21032,0.0626006,101.838
40,4.36,4.21481,0.0658589,101.921
41,4.36,4.21917,0.0686029,101.921
42,4.37,4.22369,0.0713773,102.004
43,4.37,4.22808,0.0737338,102.004
44,4.35,4.23174,0.075011,101.838
45,4.31,4.23409,0.0750307,101.505
46,4.285,4.23561,0.0745769,101.296
47,4.305,4.2377,0.0744326,101.463
48,4.325,4.24032,0.0746559,101.63
49,4.3,4.24211,0.0743577,101.421
50,4.24,4.24204,0.0736257,100.922
51,4.25,4.24228,0.0729222,101.005
52,4.23,4.24191,0.0722495,100.838
53,4.235,4.24171,0.0715832,100.88
54,4.225,4.2412,0.0709631,100.797
55,4.225,4.24072,0.070358,100.797
56,4.2,4.2395,0.069934,100.589
57,4.26,4.24011,0.0693777,101.182
58,4.19,4.23861,0.0690777,100.49
59,4.21,4.23775,0.0685933,100.716
60,4.215,4.23707,0.0680874,100.778
61,4.195,4.23581,0.0677346,100.527
62,4.185,4.23428,0.0674811,100.39
63,4.18,4.23265,0.0672746,100.317
64,4.23,4.23257,0.0667558,101.099
65,4.23,4.2325,0.0662489,101.099
66,4.215,4.23197,0.0657853,100.865
67,4.215,4.23146,0.0653303,100.865
68,4.21,4.23082,0.0649036,100.786
69,4.25,4.23139,0.0644767,101.413
70,4.24,4.23165,0.0640287,101.256
71,4.305,4.23385,0.064133,102.274
72,4.255,4.23449,0.0637374,101.491
73,4.275,4.2357,0.0634699,101.804
74,4.2785,4.23699,0.0632273,101.859
75,4.26,4.23768,0.0628622,101.569
76,4.27,4.23865,0.0625548,101.726
77,4.29,4.24019,0.0624079,102.039
78,4.285,4.24153,0.0622042,101.961
79,4.275,4.24254,0.0619206,101.804
80,4.24,4.24246,0.0615378,101.256
81,4.2,4.24119,0.0613303,100.63
82,4.1225,4.23762,0.0622557,99.3519
83,4.155,4.23515,0.0624988,99.9125
84,4.15,4.23259,0.0627726,99.8229
85,4.19,4.23131,0.0625654,100.565
86,4.18,4.22977,0.0624333,100.374
87,4.2099,4.22918,0.0621115,100.959
88,4.185,4.22785,0.0619284,100.472
89,4.205,4.22717,0.0616277,100.872
90,4.2118,4.22671,0.0613081,101.008
91,4.25,4.22741,0.0610195,101.773
92,4.16,4.22538,0.0610681,99.971
93,4.16,4.22342,0.0610936,99.971
94,4.175,4.22197,0.0609619,100.283
95,4.185,4.22086,0.0607539,100.494
96,4.18,4.21963,0.0605738,100.387
97,4.175,4.2183,0.0604224,100.279
98,4.21,4.21805,0.0601219,101.045
99,4.155,4.21615,0.0601323,99.8406
100,4.175,4.21492,0.0599656,100.283
101,4.185,4.21402,0.0597401,100.506
102,4.185,4.21315,0.0595141,100.506
103,4.18,4.21216,0.0593111,100.393
104,4.17,4.21089,0.0591628,100.165
105,4.15,4.20907,0.0591619,99.7072
106,4.1369,4.2069,0.0592723,99.4058
107,4.115,4.20414,0.0596176,98.8998
108,4.13,4.20192,0.059742,99.2478
109,4.165,4.20081,0.0595678,100.063
110,4.195,4.20064,0.0593013,100.763
111,4.195,4.20047,0.0590382,100.763
112,4.19,4.20015,0.0587841,100.647
113,4.15,4.19865,0.0587028,99.7123
114,4.12,4.19629,0.0588784,99.0096
115,4.135,4.19445,0.0588834,99.3619
116,4.13,4.19252,0.0589154,99.2442
117,4.135,4.19079,0.0588896,99.3621
118,4.125,4.18882,0.0589328,99.1258
119,4.07,4.18525,0.0596223,97.8238
120,4.075,4.18195,0.0601662,97.9424
121,4.085,4.17904,0.0605209,98.1798
122,4.09,4.17637,0.0607754,98.2986
123,4.0887,4.17374,0.0610097,98.2677
124,4.07,4.17062,0.061428,97.8223
125,4.09,4.16821,0.0615792,98.2991
126,4.1,4.16616,0.0616166,98.5377
127,4.0788,4.16354,0.0618308,98.0315
128,4.07,4.16073,0.0621066,97.8212
129,4.095,4.15876,0.0621195,98.4189
130,4.1,4.157,0.062082,98.5385
131,4.085,4.15484,0.0621444,98.1795
132,4.095,4.15304,0.0621145,98.419
133,4.07,4.15055,0.0622723,97.8202
134,4.0713,4.14817,0.0623931,97.8513
135,4.1,4.14673,0.0622923,98.5392
136,4.1082,4.14557,0.0621466,98.7358
137,4.125,4.14496,0.0619443,99.1386
138,4.135,4.14466,0.0617265,99.3784
139,4.13,4.14422,0.0615174,99.2585
140,4.12,4.14349,0.0613308,99.0187
141,4.09,4.14189,0.0612694,98.2993
142,4.09,4.14033,0.0611997,98.2993
143,4.11,4.13942,0.0610361,98.7791
144,4.1,4.13824,0.060908,98.5392
145,4.1,4.13709,0.0607767,98.5392
146,4.11,4.13628,0.0606084,98.7792
147,4.11,4.13549,0.0604396,98.7792
148,4.17,4.13652,0.0602988,100.22
149,4.1772,4.13774,0.0601838,100.393
150,4.205,4.13976,0.0602186,101.06
151,4.2121,4.14193,0.0602894,101.23
152,4.2,4.14367,0.0602644,100.94
153,4.195,4.14521,0.0602022,100.82
154,4.21,4.14716,0.0602196,101.18
155,4.245,4.15009,0.0605053,102.02
156,4.195,4.15144,0.0604125,100.82
157,4.19,4.1526,0.0602944,100.7
158,4.175,4.15327,0.0601292,100.34
159,4.15,4.15317,0.0599416,99.7395
160,4.155,4.15323,0.0597553,99.8596
161,4.16,4.15343,0.0595728,99.9796
162,4.225,4.15558,0.0596382,101.54
163,4.185,4.15646,0.0594979,100.58
164,4.17,4.15687,0.0593261,100.22
165,4.11,4.15546,0.0592523,98.7792
166,4.0889,4.15346,0.0592855,98.2726
167,4.075,4.15111,0.0593997,97.9388
168,4.075,4.14883,0.0594954,97.9388
169,4.085,4.14691,0.0595099,98.179
170,4.085,4.14505,0.0595131,98.179
171,4.05,4.1422,0.0597548,97.3383
172,3.99,4.13764,0.0606299,95.897
173,3.965,4.13246,0.061774,95.2964
174,3.975,4.12773,0.0626699,95.5366
175,3.965,4.12285,0.0636143,95.2964
176,4.01,4.11947,0.0639657,96.3776
177,3.995,4.11573,0.0644245,96.0172
178,4.05,4.11376,0.0644208,97.3387
179,4.09,4.11305,0.0642645,98.2998
180,4.1401,4.11386,0.0641164,99.5036
181,4.135,4.11449,0.0639581,99.3811
182,4.14,4.11526,0.0638093,99.5012
183,4.14,4.116,0.0636603,99.5012
184,4.14,4.11672,0.0635111,99.5012
185,4.1,4.11622,0.0633513,98.5401
186,4.1605,4.11755,0.0632597,99.9938
187,4.125,4.11777,0.0630934,99.1408
188,4.115,4.11769,0.0629266,98.9005
189,4.125,4.11791,0.0627629,99.1408
190,4.15,4.11887,0.0626389,99.7415
191,4.14,4.1195,0.0624931,99.5012
192,4.13,4.11982,0.0623353,99.2609
193,4.2,4.12222,0.0624246,100.943
194,4.185,4.12411,0.0624169,100.582
195,4.18,4.12578,0.0623778,100.462
196,4.16,4.12681,0.0622642,99.9818
197,4.16,4.12781,0.0621489,99.9818
198,4.175,4.12922,0.0620774,100.342
199,4.22,4.13195,0.0622343,101.423
200,4.255,4.13564,0.0626476,102.264
201,4.27,4.13967,0.0631615,102.625
202,4.265,4.14343,0.0635809,102.505
203,4.26,4.14692,0.0639171,102.385
204,4.265,4.15047,0.0642608,102.505
205,4.245,4.1533,0.0644223,102.024
206,4.27,4.1568,0.0647463,102.625
207,4.2699,4.1602,0.0650368,102.622
208,4.295,4.16424,0.0655084,103.226
209,4.295,4.16816,0.0659358,103.226
210,4.295,4.17197,0.0663224,103.226
211,4.295,4.17566,0.0666715,103.226
212,4.305,4.17954,0.067068,103.466
213,4.3,4.18315,0.0673862,103.346
214,4.3,4.18666,0.0676722,103.346
215,4.34,4.19126,0.0682697,104.307
216,4.325,4.19527,0.0686792,103.946
217,4.295,4.19826,0.068834,103.226
218,4.2997,4.20131,0.0689977,103.339
219,4.285,4.20382,0.069058,102.985
220,4.28,4.2061,0.0690807,102.865
221,4.245,4.20727,0.0689714,102.024
222,4.285,4.2096,0.0690016,102.985
223,4.33,4.21321,0.0692881,104.067
224,4.355,4.21747,0.0697394,104.667
225,4.355,4.22159,0.0701485,104.667
226,4.355,4.2256,0.0705188,104.667
227,4.37,4.22993,0.0709728,105.028
228,4.43,4.23593,0.0719695,106.469
229,4.405,4.241,0.0726225,105.869
230,4.3495,4.24426,0.0727952,104.535
231,4.32,4.24653,0.0727982,103.826
232,4.33,4.24903,0.0728352,104.067
233,4.3387,4.25172,0.0729015,104.276
234,4.34,4.25437,0.0729603,104.307
235,4.37,4.25784,0.0731707,105.028
236,4.37,4.26121,0.0733574,105.028
237,4.33,4.26327,0.0733308,104.067
238,4.33,4.26527,0.0732969,104.067
239,4.3213,4.26695,0.0732281,103.858
240,4.335,4.26899,0.0731997,104.187
241,4.34,4.27112,0.0731823,104.307
242,4.212,4.26935,0.0731242,101.231
243,4.225,4.26802,0.0730261,101.544
244,4.21,4.26628,0.0729656,101.183
245,4.215,4.26474,0.0728862,101.303
246,4.2,4.2628,0.0728481,100.943
247,4.185,4.26046,0.0728589,100.582
248,4.24,4.25985,0.0727233,101.904
249,4.16,4.25685,0.0728358,99.9816
250,4.18,4.25455,0.0728427,100.462
251,4.16,4.25171,0.0729272,99.9816
252,4.16,4.24896,0.0729975,99.9816
253,4.165,4.24644,0.0730327,100.102
254,4.145,4.2434,0.0731493,99.6212
255,4.13,4.24,0.0733293,99.2607
256,4.135,4.23685,0.0734617,99.3808
257,4.1299,4.23364,0.0736031,99.2583
258,4.115,4.23008,0.0738081,98.9002
259,4.12,4.22678,0.0739631,99.0203
260,4.12,4.22357,0.0740991,99.0203
261,4.09,4.21957,0.0743895,98.2994
262,4.1,4.21598,0.0745915,98.5397
263,4.11,4.2128,0.0747185,98.78
264,4.1,4.20942,0.0748797,98.5397
265,4.095,4.20598,0.0750479,98.4195
266,4.095,4.20265,0.0751964,98.4195
267,4.095,4.19942,0.0753266,98.4195
268,4.085,4.19599,0.0754904,98.1792
269,4.1,4.19311,0.0755632,98.5397
270,4.105,4.19047,0.0756021,98.6599
271,4.085,4.1873,0.0757176,98.1792
272,4.105,4.18484,0.0757331,98.6599
273,4.145,4.18364,0.0756308,99.6212
274,4.15,4.18263,0.0755188,99.7414
275,4.145,4.1815,0.0754139,99.6212
276,4.18,4.18146,0.0752777,100.462
277,4.175,4.18126,0.0751431,100.342
278,4.16,4.18063,0.0750185,99.9817
279,4.19,4.18091,0.0748863,100.703
280,4.13,4.17938,0.074811,99.2607
281,4.105,4.17715,0.0748017,98.6599
282,4.085,4.17438,0.0748583,98.1792
283,4.1,4.17215,0.0748489,98.5397
284,4.065,4.16894,0.0749707,97.6985
285,4.09,4.16657,0.0749763,98.2993
286,4.08,4.16397,0.0750096,98.059
287,4.055,4.1607,0.0751378,97.4581
288,4.062,4.15774,0.0752189,97.6264
289,4.055,4.15466,0.0753168,97.4581
290,4.07,4.15212,0.0753412,97.8187
291,4.125,4.15131,0.0752278,99.1405
292,4.11,4.15007,0.0751358,98.78
293,4.09,4.14827,0.0750849,98.2993
294,4.075,4.14607,0.0750716,97.9388
295,4.085,4.14424,0.0750237,98.1792
296,4.085,4.14246,0.0749715,98.1792
297,4.06,4.13998,0.0749889,97.5783
298,4.045,4.13714,0.0750528,97.2178
299,4.06,4.13482,0.075052,97.5783
300,4.065,4.13273,0.0750288,97.6985
301,4.1,4.13174,0.0749268,98.5397
302,4.115,4.13124,0.0748089,98.9002
303,4.115,4.13075,0.0746912,98.9002
304,4.08,4.12923,0.0746219,98.059
305,4.004,4.12548,0.0748228,96.2324
306,4,4.12171,0.0750231,96.1363
307,4.005,4.11821,0.0751785,96.2565
308,4.025,4.11541,0.0752328,96.7371
309,4.025,4.1127,0.0752763,96.7371
310,4.015,4.10977,0.0753471,96.4968
311,4,4.10648,0.0754674,96.1363
312,4.005,4.10343,0.0755519,96.2565
313,4.09,4.10303,0.0754351,98.2993
314,4.1425,4.10421,0.0753461,99.5611
315,4.155,4.10574,0.0752778,99.8616
316,4.13,4.10647,0.0751706,99.2607
317,4.115,4.10672,0.0750538,98.9002
318,4.055,4.10517,0.0749887,97.4581
319,4,4.10201,0.0750883,96.1363
320,3.93,4.09685,0.0755474,94.4539
321,3.895,4.0908,0.0762151,93.6127
322,3.8619,4.08393,0.0770934,92.8172
323,3.821,4.07604,0.0782675,91.8342
324,3.745,4.06611,0.0801513,90.0076
325,3.86,4.05993,0.0807907,92.7715
326,3.67,4.04823,0.0833347,88.205
327,3.715,4.03823,0.0851001,89.2866
328,3.755,4.02974,0.0863101,90.2479
329,3.75,4.02134,0.0874642,90.1278
330,3.735,4.01275,0.0886563,89.7672
331,3.755,4.00502,0.0895799,90.2479
332,3.69,3.99557,0.0909992,88.6857
333,3.76,3.9885,0.0917191,90.3681
334,3.74,3.98105,0.0925242,89.8874
335,3.755,3.97427,0.0931576,90.2479
336,3.77,3.96814,0.0936434,90.6084
337,3.7896,3.96278,0.0939781,91.0795
338,3.815,3.95835,0.0941618,91.69
339,3.8,3.9536,0.0943915,91.3295
340,3.755,3.94764,0.0948286,90.2479
341,3.74,3.94141,0.0953141,89.8874
342,3.7489,3.93564,0.0957077,90.1013
343,3.76,3.93037,0.0960089,90.3681
344,3.81,3.92676,0.0960755,91.5698
345,3.825,3.9237,0.0960832,91.9303
346,3.81,3.92029,0.0961272,91.5698
347,3.94,3.92088,0.0959944,94.6942
348,3.93,3.92116,0.095858,94.4539
349,3.925,3.92127,0.0957211,94.3337
350,3.915,3.92108,0.0955852,94.0934
351,3.93,3.92135,0.0954505,94.4539
352,3.91,3.92101,0.095317,93.9732
353,3.87,3.91948,0.0952186,93.0118
354,3.96,3.9207,0.0951073,95.1749
355,3.995,3.92293,0.0950504,96.0161
356,3.99,3.92494,0.0949796,95.8959
357,3.995,3.92704,0.0949148,96.0161
358,3.98,3.92863,0.0948213,95.6556
359,3.96,3.92957,0.0947031,95.1749
360,3.9,3.92868,0.0945839,93.7329
361,3.945,3.92917,0.0944568,94.8144
362,3.95,3.9298,0.0943326,94.9346
363,3.96,3.9307,0.0942154,95.1749
364,3.985,3.93233,0.0941267,95.7758
365,3.98,3.93376,0.0940291,95.6556
366,3.995,3.9356,0.0939521,96.0161
367,3.97,3.93663,0.0938404,95.4153
368,3.77,3.93163,0.0940902,90.6084
369,3.735,3.92573,0.0944847,89.7672
370,3.77,3.92106,0.0946826,90.6084
371,3.795,3.91728,0.0947676,91.2093
372,3.775,3.91301,0.0949099,90.7286
373,3.76,3.90842,0.0950931,90.3681
374,3.71,3.90247,0.0954849,89.1664
375,3.6093,3.89367,0.096479,86.7462
376,3.615,3.88531,0.0973515,86.8832
377,3.575,3.876,0.0984477,85.9218
378,3.565,3.86667,0.0995314,85.6815
379,3.575,3.85792,0.100454,85.9218
380,3.55,3.84869,0.101483,85.3209
381,3.53,3.83912,0.102576,84.8403
382,3.63,3.83285,0.102966,87.2437
383,3.625,3.82662,0.103345,87.1235
384,3.66,3.82162,0.103539,87.9647
385,3.675,3.81722,0.103657,88.3252
386,3.655,3.81235,0.103832,87.8445
387,3.68,3.80838,0.103903,88.4454
388,3.62,3.80273,0.104182,87.0033
389,3.72,3.80025,0.104128,89.4067
390,3.725,3.79799,0.10406,89.5269
391,3.7698,3.79715,0.103936,90.6036
392,3.8,3.79723,0.103804,91.3295
393,3.765,3.79626,0.103684,90.4883
394,3.755,3.79503,0.103572,90.2479
395,3.74,3.79338,0.103476,89.8874
396,3.8,3.79357,0.103346,91.3295
397,3.805,3.79392,0.103218,91.4496
398,3.815,3.79455,0.103094,91.69
399,3.82,3.79531,0.102972,91.8101
400,3.81,3.79575,0.102846,91.5698
401,3.795,3.79573,0.102718,91.2093
402,3.8,3.79586,0.102591,91.3295
403,3.77,3.79508,0.102471,90.6084
404,3.715,3.79268,0.102417,89.2866
405,3.695,3.78975,0.102399,88.8059
406,3.6775,3.78638,0.102416,88.3853
407,3.7,3.78379,0.102374,88.9261
408,3.715,3.78173,0.102302,89.2866
409,3.8,3.78228,0.102181,91.3295
410,3.817,3.78332,0.10207,91.738
411,3.87,3.78592,0.10203,93.0118
412,3.88,3.78874,0.102006,93.2522
413,3.89,3.79178,0.101997,93.4925
414,3.89,3.79472,0.101981,93.4925
415,3.89,3.79758,0.101959,93.4925
416,3.91,3.80096,0.101977,93.9732
417,3.86,3.80273,0.101893,92.7715
418,3.82,3.80324,0.101775,91.8101
419,3.8281,3.80399,0.10166,92.0048
420,3.805,3.80402,0.10154,91.4496
421,3.805,3.80405,0.101419,91.4496
422,3.81,3.80423,0.1013,91.5698
423,3.82,3.8047,0.101183,91.8101
424,3.76,3.80336,0.101086,90.3681
425,3.745,3.80161,0.101004,90.0076
426,3.76,3.80036,0.100905,90.3681
427,3.7393,3.79853,0.100827,89.8706
428,3.76,3.79737,0.100726,90.3681
429,3.75,3.79595,0.100633,90.1278
430,3.77,3.79517,0.100524,90.6084
431,3.725,3.79307,0.100461,89.5269
432,3.7,3.79028,0.100438,88.9261
433,3.695,3.78742,0.100421,88.8059
434,3.71,3.7851,0.10037,89.1664
435,3.68,3.78194,0.100373,88.4454
436,3.675,3.77873,0.100381,88.3252
437,3.67,3.77547,0.100393,88.205
438,3.735,3.77426,0.100296,89.7672
439,3.685,3.77158,0.100267,88.5655
440,3.685,3.76898,0.100233,88.5655
441,3.675,3.76616,0.100214,88.3252
442,3.67,3.76328,0.100199,88.205
443,3.665,3.76033,0.100188,88.0849
444,3.66,3.75732,0.100182,87.9647
445,3.6447,3.75394,0.100203,87.597
446,3.68,3.75172,0.100148,88.4454
447,3.675,3.74942,0.100098,88.3252
448,3.66,3.74674,0.10007,87.9647
449,3.665,3.74429,0.100029,88.0849
450,3.635,3.74101,0.100043,87.3638
451,3.65,3.73828,0.100018,87.7244
452,3.69,3.73683,0.0999318,88.6857
453,3.72,3.73633,0.0998246,89.4067
454,3.7,3.73524,0.0997285,88.9261
455,3.67,3.73328,0.0996632,88.205
456,3.675,3.73153,0.0995892,88.3252
457,3.655,3.72923,0.0995409,87.8445
458,3.67,3.72746,0.0994685,88.205
459,3.655,3.72528,0.0994144,87.8445
460,3.62,3.72212,0.0994203,87.0033
461,3.63,3.71936,0.0993997,87.2437
462,3.625,3.71653,0.0993833,87.1235
463,3.63,3.71393,0.0993526,87.2437
464,3.635,3.71157,0.0993092,87.3638
465,3.63,3.70912,0.0992703,87.2437
466,3.608,3.70609,0.0992678,86.7149
467,3.615,3.70335,0.0992457,86.8832
468,3.5814,3.69969,0.0992902,86.0756
469,3.575,3.69595,0.0993414,85.9218
470,3.56,3.69188,0.0994217,85.5613
471,3.555,3.68777,0.0995042,85.4411
472,3.55,3.68364,0.0995887,85.3209
473,3.545,3.67948,0.0996751,85.2008
474,3.53,3.67499,0.0997922,84.8403
475,3.51,3.67004,0.0999568,84.3596
476,3.51,3.66524,0.100105,84.3596
477,3.525,3.66103,0.100193,84.7201
478,3.55,3.6577,0.10021,85.3209
479,3.52,3.65357,0.100291,84.5999
480,3.4487,3.64743,0.100595,82.8863
481,3.475,3.64225,0.100779,83.5184
482,3.485,3.63754,0.100914,83.7587
483,3.485,3.63296,0.101034,83.7587
484,3.475,3.62822,0.101169,83.5184
485,3.475,3.62362,0.101289,83.5184
486,3.5,3.61992,0.101331,84.1192
487,3.44,3.61452,0.101535,82.6772
488,3.43,3.60898,0.101754,82.4369
489,3.43,3.60361,0.101952,82.4369
490,3.425,3.59825,0.102148,82.3167
491,3.43,3.59321,0.102309,82.4369
492,3.43,3.58831,0.102453,82.4369
493,3.44,3.58386,0.102554,82.6772
494,3.485,3.5809,0.102541,83.7587
495,3.445,3.57682,0.102608,82.7974
496,3.425,3.57226,0.102718,82.3167
497,3.41,3.5674,0.102857,81.9562
498,3.425,3.56312,0.102939,82.3167
499,3.4177,3.55876,0.10303,82.1412
500,3.41,3.5543,0.103129,81.9562
501,3.4,3.54967,0.103242,81.7158
502,3.395,3.54503,0.103356,81.5957
503,3.405,3.54083,0.103431,81.836
504,3.44,3.5378,0.10342,82.6772
505,3.42,3.53427,0.103442,82.1965
506,3.425,3.53099,0.103447,82.3167
507,3.43,3.52796,0.103437,82.4369
508,3.4606,3.52594,0.103376,83.1723
509,3.44,3.52336,0.10334,82.6772
510,3.425,3.52041,0.103325,82.3167
511,3.43,3.5177,0.103297,82.4369
512,3.45,3.51567,0.103237,82.9175
513,3.465,3.51415,0.10316,83.2781
514,3.48,3.51312,0.10307,83.6386
515,3.47,3.51183,0.102986,83.3982
516,3.495,3.51133,0.102889,83.9991
517,3.51,3.51129,0.10279,84.3596
518,3.527,3.51176,0.102693,84.7682
519,3.52,3.512,0.102595,84.5999
520,3.52,3.51224,0.102497,84.5999
521,3.56,3.51368,0.102419,85.5613
522,3.56,3.51507,0.102339,85.5613
523,3.56,3.51641,0.10226,85.5613
524,3.525,3.51667,0.102163,84.7201
525,3.5,3.51617,0.102068,84.1192
526,3.522,3.51635,0.101971,84.648
527,3.54,3.51706,0.10188,85.0806
528,3.55,3.51804,0.101793,85.3209
529,3.505,3.51765,0.101698,84.2394
530,3.51,3.51742,0.101603,84.3596
531,3.51,3.5172,0.101508,84.3596
532,3.495,3.51654,0.101417,83.9991
533,3.485,3.51559,0.101331,83.7587
534,3.515,3.51557,0.101236,84.4798
535,3.51,3.5154,0.101142,84.3596
536,3.45,3.51344,0.101084,82.9175
537,3.47,3.51214,0.101007,83.3982
538,3.465,3.51072,0.100932,83.2781
539,3.478,3.50974,0.100848,83.5905
540,3.49,3.50915,0.100758,83.8789
541,3.4909,3.5086,0.100668,83.9005
542,3.49,3.50805,0.100578,83.8789
543,3.52,3.5084,0.100487,84.5999
544,3.5,3.50815,0.100395,84.1192
545,3.535,3.50896,0.10031,84.9604
546,3.535,3.50974,0.100224,84.9604
547,3.53,3.51035,0.100136,84.8403
548,3.51,3.51034,0.100044,84.3596
549,3.45,3.50853,0.0999847,82.9175
550,3.42,3.50587,0.0999608,82.1965
551,3.3901,3.5024,0.0999846,81.4779
552,3.3879,3.49896,0.100006,81.425
553,3.395,3.49584,0.100007,81.5957
554,3.395,3.49282,0.100003,81.5957
555,3.365,3.48898,0.100052,80.8746
556,3.37,3.48541,0.100081,80.9948
557,3.365,3.4818,0.100114,80.8746
558,3.34,3.47755,0.100193,80.2738
559,3.32,3.47282,0.100312,79.7931
560,3.3,3.46764,0.100472,79.3124
561,3.29,3.46231,0.100645,79.0721
562,3.295,3.45729,0.100788,79.1923
563,3.27,3.45167,0.100989,78.5914
564,3.235,3.44517,0.101286,77.7502
565,3.2613,3.43965,0.101474,78.3823
566,3.25,3.43396,0.101678,78.1107
567,3.25,3.42844,0.101864,78.1107
568,3.25,3.42309,0.102033,78.1107
569,3.255,3.41805,0.102172,78.2309
570,3.28,3.41391,0.102236,78.8317
571,3.2192,3.40807,0.102452,77.3705
572,3.16,3.40062,0.102855,75.9477
573,3.1712,3.39374,0.103184,76.2168
574,3.16,3.38673,0.103527,75.9477
575,3.145,3.37948,0.103897,75.5872
576,3.15,3.37259,0.10422,75.7073
577,3.24,3.36862,0.104267,77.8704
578,3.28,3.36596,0.104238,78.8317
579,3.215,3.36143,0.104326,77.2695
580,3.23,3.35749,0.10437,77.63
581,3.185,3.35231,0.104511,76.5485
582,3.19,3.34744,0.104624,76.6687
583,3.2,3.34302,0.104702,76.909
584,3.19,3.33843,0.104793,76.6687
585,3.11,3.33157,0.105102,74.746
586,3.1439,3.32594,0.105281,75.5607
587,3.165,3.32112,0.105389,76.0678
588,3.15,3.31598,0.105521,75.7073
589,3.16,3.3113,0.105615,75.9477
590,3.16,3.30676,0.105699,75.9477
591,3.17,3.30266,0.10575,76.188
592,3.135,3.29763,0.105872,75.3468
593,3.16,3.2935,0.105924,75.9477
594,3.15,3.2892,0.105989,75.7073
595,3.1392,3.2847,0.106067,75.4478
596,3.125,3.27991,0.106168,75.1065
597,3.13,3.27541,0.106246,75.2266
598,3.14,3.27135,0.106293,75.467
599,3.075,3.26546,0.106488,73.9048
600,3.085,3.26004,0.106639,74.1451
601,3.045,3.25359,0.106889,73.1837
602,3.045,3.24733,0.107118,73.1837
603,3.0292,3.24079,0.107375,72.804
604,3.0201,3.23417,0.107638,72.5853
605,3,3.22714,0.107944,72.1022
606,3.06,3.22213,0.108056,73.5443
607,3.105,3.21862,0.108065,74.6258
608,3.075,3.21431,0.108124,73.9048
609,3.055,3.20953,0.108217,73.4241
610,3.045,3.20459,0.108321,73.1837
611,3.075,3.2007,0.108351,73.9048
612,3.07,3.19678,0.108384,73.7846
613,3.06,3.19268,0.108428,73.5443
614,3.0421,3.18816,0.1085,73.114
615,3.05,3.18402,0.108546,73.3039
616,3.015,3.17895,0.108659,72.4627
617,3.01,3.17388,0.108771,72.3426
618,3.015,3.16911,0.108859,72.4627
619,3,3.16404,0.108971,72.1022
620,2.96,3.15792,0.109172,71.1408
621,2.89,3.14988,0.109581,69.4585
622,2.905,3.14253,0.109906,69.819
623,2.895,3.13511,0.110237,69.5786
624,2.915,3.1285,0.11048,70.0593
625,2.915,3.1221,0.110701,70.0593
626,2.9,3.11544,0.110947,69.6988
627,2.85,3.10747,0.111334,68.4971
628,2.8809,3.10068,0.11159,69.2398
629,2.895,3.09451,0.111784,69.5786
630,2.895,3.08852,0.111961,69.5786
631,2.9198,3.08346,0.112062,70.1747
632,2.91,3.07826,0.112173,69.9391
633,2.88,3.07231,0.112344,69.2181
634,2.86,3.06594,0.112553,68.7374
635,2.86,3.05976,0.112743,68.7374
636,2.86,3.05377,0.112916,68.7374
637,2.855,3.0478,0.113085,68.6173
638,2.875,3.04262,0.113191,69.098
639,2.87,3.03744,0.113296,68.9778
640,2.88,3.03272,0.113368,69.2181
641,3.005,3.03189,0.113285,72.2224
642,3,3.03093,0.113203,72.1022
643,2.985,3.02955,0.113129,71.7417
644,2.97,3.02777,0.113064,71.3812
645,2.97,3.02603,0.112998,71.3812
646,2.97,3.02435,0.112931,71.3812
647,3,3.02362,0.112847,72.1022
648,2.925,3.02066,0.112823,70.2997
649,2.905,3.01719,0.112822,69.819
650,2.905,3.01383,0.112816,69.819
651,2.895,3.01026,0.11282,69.5786
652,2.915,3.0074,0.112791,70.0593
653,2.885,3.00373,0.112801,69.3383
654,2.9,3.00062,0.112783,69.6988
655,2.805,2.99475,0.11294,67.4156
656,2.805,2.98906,0.113082,67.4156
657,2.83,2.98429,0.113157,68.0164
658,2.8,2.97876,0.113285,67.2954
659,2.785,2.97295,0.113435,66.9349
660,2.81,2.96806,0.113516,67.5357
661,2.8,2.96302,0.113607,67.2954
662,2.795,2.95798,0.113698,67.1752
663,2.805,2.95339,0.113758,67.4156
664,2.785,2.94833,0.113848,66.9349
665,2.755,2.94253,0.113995,66.2139
666,2.755,2.93691,0.114127,66.2139
667,2.765,2.93175,0.114224,66.4542
668,2.78,2.9272,0.11428,66.8147
669,2.796,2.92326,0.114301,67.1993
670,2.805,2.91971,0.114301,67.4156
671,2.805,2.91627,0.114297,67.4156
672,2.82,2.91339,0.114269,67.7761
673,2.81,2.91028,0.114249,67.5357
674,2.805,2.90713,0.114232,67.4156
675,2.78,2.90331,0.114246,66.8147
676,2.815,2.90066,0.114209,67.6559
677,2.845,2.89899,0.114144,68.3769
678,2.875,2.89827,0.114063,69.098
679,2.87,2.89742,0.113984,68.9778
680,2.855,2.89615,0.113911,68.6173
681,2.86,2.89507,0.113836,68.7374
682,2.86,2.89401,0.11376,68.7374
683,2.7499,2.88969,0.113802,66.0913
684,2.72,2.8846,0.113893,65.3727
685,2.71,2.87936,0.113993,65.1323
686,2.72,2.87458,0.114063,65.3727
687,2.715,2.86979,0.114133,65.2525
688,2.685,2.86425,0.114254,64.5315
689,2.69,2.85902,0.114352,64.6517
690,2.7,2.85425,0.11442,64.892
691,2.675,2.84887,0.114528,64.2911
692,2.6978,2.84434,0.114581,64.8391
693,2.695,2.83986,0.11463,64.7718
694,2.655,2.83432,0.11475,63.8105
695,2.665,2.82924,0.114836,64.0508
696,2.67,2.82446,0.114903,64.171
697,2.665,2.81968,0.11497,64.0508
698,2.61,2.81339,0.115145,62.7289
699,2.63,2.80788,0.115259,63.2096
700,2.655,2.8033,0.115312,63.8105
701,2.635,2.79825,0.115395,63.3298
702,2.615,2.79275,0.115507,62.8491
703,2.61,2.78727,0.115619,62.7289
704,2.65,2.78315,0.115645,63.6903
705,2.66,2.77946,0.115651,63.9306
706,2.635,2.77512,0.115689,63.3298
707,2.66,2.77167,0.115684,63.9306
708,2.655,2.76817,0.11568,63.8105
709,2.6301,2.76403,0.115708,63.212
710,2.69,2.76181,0.115658,64.6517
711,2.68,2.75935,0.115615,64.4113
712,2.675,2.75682,0.115574,64.2911
713,2.6498,2.75361,0.115559,63.6855
714,2.66,2.7508,0.115528,63.9306
715,2.665,2.74823,0.115489,64.0508
716,2.64,2.74498,0.115475,63.4499
717,2.61,2.74093,0.115498,62.7289
718,2.5799,2.7361,0.115564,62.0055
719,2.595,2.73187,0.115597,62.3684
720,2.61,2.72821,0.1156,62.7289
721,2.6,2.72437,0.115613,62.4886
722,2.58,2.72003,0.11565,62.0079
723,2.6,2.71643,0.115651,62.4886
724,2.61,2.71324,0.115635,62.7289
725,2.5702,2.70895,0.11567,61.7724
726,2.58,2.70508,0.115684,62.0079
727,2.55,2.70043,0.115739,61.2869
728,2.54,2.69562,0.115803,61.0465
729,2.535,2.6908,0.115867,60.9264
730,2.54,2.68627,0.115914,61.0465
731,2.54,2.68188,0.115953,61.0465
732,2.495,2.67628,0.116068,59.965
733,2.5,2.67099,0.11616,60.0852
734,2.475,2.66511,0.116293,59.4843
735,2.455,2.65881,0.116456,59.0036
736,2.44,2.65224,0.116639,58.6431
737,2.425,2.64543,0.116842,58.2826
738,2.5,2.64106,0.116879,60.0852
739,2.43,2.63473,0.117042,58.4028
740,2.445,2.62904,0.117158,58.7633
741,2.4312,2.6231,0.117291,58.4316
742,2.435,2.61746,0.117403,58.523
743,2.445,2.61229,0.117484,58.7633
744,2.45,2.60742,0.117547,58.8835
745,2.44,2.6024,0.117618,58.6431
746,2.455,2.59797,0.117656,59.0036
747,2.485,2.59458,0.117646,59.7247
748,2.465,2.5907,0.117657,59.244
749,2.47,2.58708,0.117656,59.3642
750,2.47,2.58356,0.117651,59.3642
751,2.495,2.58091,0.117614,59.965
752,2.51,2.57878,0.117563,60.3255
753,2.54,2.57762,0.117493,61.0465
754,2.535,2.57634,0.117424,60.9264
755,2.525,2.5748,0.117361,60.686
756,2.52,2.57315,0.117299,60.5659
757,2.51,2.57126,0.117243,60.3255
758,2.505,2.56927,0.117189,60.2053
759,2.56,2.56899,0.117112,61.5272
760,2.6,2.56992,0.11704,62.4886
761,2.639,2.572,0.116989,63.4259
762,2.635,2.57389,0.116933,63.3298
763,2.67,2.57677,0.116905,64.171
764,2.675,2.57972,0.116879,64.2911
765,2.665,2.58227,0.116841,64.0508
766,2.72,2.58641,0.116865,65.3727
767,2.765,2.59176,0.116956,66.4542
768,2.8,2.59801,0.117106,67.2954
769,2.8225,2.60475,0.117293,67.8362
770,2.825,2.61135,0.117469,67.8962
771,2.835,2.61806,0.117653,68.1366
772,2.825,2.62427,0.117798,67.8962
773,2.84,2.63074,0.117962,68.2568
774,2.755,2.63447,0.117965,66.2139
775,2.745,2.63779,0.117952,65.9735
776,2.745,2.641,0.117935,65.9735
777,2.7405,2.64399,0.11791,65.8654
778,2.76,2.64747,0.117903,66.334
779,2.75,2.65054,0.117881,66.0937
780,2.74,2.65323,0.117847,65.8534
781,2.755,2.65628,0.117824,66.2139
782,2.79,2.66029,0.11784,67.0551
783,2.74,2.66268,0.117797,65.8534
784,2.685,2.66335,0.117725,64.5315
785,2.69,2.66415,0.117654,64.6517
786,2.735,2.66628,0.117604,65.7332
787,2.85,2.67179,0.117701,68.4971
788,3.1881,2.68728,0.11897,76.623
789,3.055,2.69831,0.11957,73.4241
790,3.105,2.71051,0.120315,74.6258
791,3.095,2.72205,0.120967,74.3854
792,3.15,2.73488,0.121786,75.7073
793,3.19,2.74854,0.122714,76.6687
794,3.15,2.76058,0.123412,75.7073
795,3.04,2.76896,0.123708,73.0636
796,2.975,2.77515,0.123833,71.5014
797,2.92,2.77949,0.123855,70.1795
798,2.945,2.78446,0.123908,70.7803
799,2.905,2.78807,0.123899,69.819
800,2.88,2.79083,0.123862,69.2181
801,2.92,2.79471,0.123864,70.1795
802,2.96,2.79966,0.123916,71.1408
803,2.955,2.80432,0.123953,71.0207
804,2.995,2.81004,0.124047,71.982
805,3.045,2.81709,0.12423,73.1837
806,3.045,2.82393,0.124396,73.1837
807,3.04,2.83041,0.124538,73.0636
808,3.04,2.8367,0.124666,73.0636
809,3.075,2.84385,0.124853,73.9048
810,3.1798,2.85393,0.1253,76.4235
811,3.16,2.86311,0.125656,75.9477
812,3.2022,2.87328,0.126107,76.9619
813,3.24,2.88428,0.126645,77.8704
814,3.26,2.89556,0.127209,78.3511
815,3.3,2.90769,0.127871,79.3124
816,3.395,2.92231,0.128858,81.5957
817,3.445,2.93799,0.129994,82.7974
818,3.425,2.9526,0.130959,82.3167
819,3.455,2.96767,0.131981,83.0377
820,3.395,2.98049,0.132691,81.5957
821,3.425,2.99383,0.133461,82.3167
822,3.43,3.00691,0.134192,82.4369
823,3.56,3.0235,0.135407,85.5613
824,3.6,3.0408,0.136718,86.5227
825,3.585,3.05713,0.137864,86.1621
826,3.595,3.07326,0.13897,86.4025
827,3.61,3.08936,0.14006,86.763
828,3.62,3.10528,0.141112,87.0033
829,3.54,3.11832,0.141785,85.0806
830,3.415,3.12722,0.142051,82.0763
831,3.395,3.13526,0.142251,81.5957
832,3.385,3.14275,0.142413,81.3553
833,3.38,3.14987,0.14255,81.2352
834,3.335,3.15542,0.1426,80.1536
835,3.36,3.16156,0.14268,80.7545
836,3.37,3.16781,0.142766,80.9948
837,3.465,3.17673,0.143028,83.2781
838,3.45,3.18493,0.143235,82.9175
839,3.455,3.19303,0.143435,83.0377
840,3.4836,3.20175,0.143679,83.7251
841,3.495,3.21054,0.143928,83.9991
842,3.535,3.22028,0.14425,84.9604
843,3.59,3.23137,0.144692,86.2823
844,3.64,3.24363,0.145248,87.484
845,3.715,3.25777,0.146011,89.2866
846,3.715,3.27149,0.146718,89.2866
847,3.7177,3.28487,0.147383,89.3515
848,3.715,3.29778,0.147991,89.2866
849,3.755,3.31149,0.148684,90.2479
850,3.7,3.32315,0.149157,88.9261
851,3.635,3.3325,0.149429,87.3638
852,3.58,3.33993,0.149568,86.042
853,3.58,3.34713,0.149692,86.042
854,3.6,3.35472,0.14984,86.5227
855,3.565,3.36102,0.149914,85.6815
856,3.555,3.36684,0.149965,85.4411
857,3.59,3.37354,0.150059,86.2823
858,3.655,3.38198,0.150261,87.8445
859,3.645,3.38987,0.150425,87.6042
860,3.59,3.39588,0.150484,86.2823
861,3.615,3.40245,0.15057,86.8832
862,3.6,3.40838,0.150624,86.5227
863,3.575,3.41338,0.150638,85.9218
864,3.52,3.41657,0.150592,84.5999
865,3.615,3.42253,0.150647,86.8832
866,3.61,3.42815,0.150686,86.763
867,3.64,3.43451,0.150761,87.484
868,3.62,3.44007,0.150798,87.0033
869,3.605,3.44502,0.150809,86.6428
870,3.585,3.44922,0.150792,86.1621
871,3.605,3.45389,0.150793,86.6428
872,3.61,3.45858,0.150793,86.763
873,3.61,3.46312,0.150789,86.763
874,3.58,3.46662,0.150752,86.042
875,3.55,3.46913,0.15069,85.3209
876,3.5695,3.47214,0.15064,85.7896
877,3.585,3.47552,0.1506,86.1621
878,3.555,3.47791,0.150536,85.4411
879,3.555,3.48022,0.150472,85.4411
880,3.535,3.48186,0.150397,84.9604
881,3.63,3.48631,0.15039,87.2437
882,3.63,3.49062,0.150378,87.2437
883,3.605,3.49405,0.150339,86.6428
884,3.62,3.49783,0.15031,87.0033
885,3.62,3.50149,0.150278,87.0033
886,3.62,3.50505,0.150243,87.0033
887,3.585,3.50745,0.150181,86.1621
888,3.6,3.51022,0.150127,86.5227
889,3.575,3.51217,0.150057,85.9218
890,3.565,3.51375,0.149983,85.6815
891,3.56,3.51514,0.149906,85.5613
892,3.58,3.51709,0.149837,86.042
893,3.5777,3.5189,0.149766,85.9867
894,3.6,3.52134,0.149705,86.5227
895,3.59,3.5234,0.149638,86.2823
896,3.6199,3.52629,0.149588,87.0009
897,3.66,3.5303,0.149567,87.9647
898,3.685,3.53494,0.149567,88.5655
899,3.675,3.53915,0.149553,88.3252
900,3.675,3.54322,0.149534,88.3252
901,3.71,3.54822,0.149548,89.1664
902,3.7,3.55278,0.149546,88.9261
903,3.72,3.55779,0.14956,89.4067
904,3.645,3.56041,0.149504,87.6042
905,3.68,3.564,0.149471,88.4454
906,3.63,3.56598,0.149404,87.2437
907,3.62,3.5676,0.149332,87.0033
908,3.625,3.56932,0.149261,87.1235
909,3.6,3.57024,0.149182,86.5227
910,3.615,3.57158,0.149108,86.8832
911,3.62,3.57304,0.149034,87.0033
912,3.605,3.574,0.148956,86.6428
913,3.57,3.57388,0.148874,85.8016
914,3.56,3.57346,0.148794,85.5613
915,3.55,3.57276,0.148714,85.3209
916,3.58,3.57297,0.148633,86.042
917,3.605,3.57393,0.148556,86.6428
918,3.625,3.57547,0.148484,87.1235
919,3.615,3.57665,0.148409,86.8832
920,3.595,3.5772,0.148329,86.4025
921,3.575,3.57714,0.148249,85.9218
922,3.55,3.57632,0.148171,85.3209
923,3.57,3.57613,0.148091,85.8016
924,3.5399,3.57505,0.148015,85.0782
925,3.515,3.57324,0.147948,84.4798
926,3.51,3.57135,0.147882,84.3596
927,3.525,3.56996,0.147809,84.7201
928,3.505,3.56801,0.147744,84.2394
929,3.51,3.56627,0.147676,84.3596
930,3.52,3.56488,0.147604,84.5999
931,3.5401,3.56414,0.147527,85.083
932,3.545,3.56356,0.147449,85.2008
933,3.545,3.56301,0.147372,85.2008
934,3.56,3.56291,0.147293,85.5613
935,3.57,3.56313,0.147214,85.8016
936,3.555,3.56288,0.147136,85.4411
937,3.52,3.5616,0.147064,84.5999
938,3.54,3.56095,0.146987,85.0806
939,3.555,3.56077,0.146909,85.4411
940,3.57,3.56105,0.146831,85.8016
941,3.58,3.56162,0.146754,86.042
942,3.59,3.56247,0.146679,86.2823
943,3.575,3.56284,0.146602,85.9218
944,3.41,3.55826,0.146604,81.9562
945,3.27,3.54961,0.146808,78.5914
946,3.25,3.54062,0.147034,78.1107
947,3.2774,3.53273,0.14719,78.7693
948,3.315,3.52619,0.147273,79.6729
949,3.305,3.51956,0.14736,79.4326
950,3.26,3.51177,0.147508,78.3511
951,3.25,3.50392,0.14766,78.1107
952,3.3493,3.49928,0.147663,80.4973
953,3.355,3.49495,0.147655,80.6343
954,3.275,3.48835,0.147739,78.7116
955,3.28,3.4821,0.147806,78.8317
956,3.41,3.47994,0.147746,81.9562
957,3.555,3.48219,0.147688,85.4411
958,3.56,3.48453,0.147631,85.5613
959,3.76,3.49279,0.147806,90.3681
960,3.74,3.50021,0.147931,89.8874
961,3.69,3.5059,0.147973,88.6857
962,3.701,3.51175,0.148022,88.9501
963,3.675,3.51665,0.148033,88.3252
964,3.73,3.52305,0.148107,89.6471
965,3.74,3.52956,0.148185,89.8874
966,3.63,3.53257,0.148141,87.2437
967,3.63,3.5355,0.148096,87.2437
968,3.63,3.53833,0.148049,87.2437
969,3.625,3.54093,0.147997,87.1235
970,3.62,3.5433,0.147941,87.0033
971,3.63,3.5459,0.14789,87.2437
972,3.56,3.54633,0.147814,85.5613
973,3.52,3.54554,0.147741,84.5999
974,3.515,3.54462,0.147668,84.4798
975,3.5387,3.54444,0.147592,85.0494
976,3.5,3.54311,0.147523,84.1192
977,3.52,3.54242,0.147449,84.5999
978,3.5,3.54114,0.14738,84.1192
979,3.52,3.54051,0.147306,84.5999
980,3.565,3.54124,0.147233,85.6815
981,3.55,3.54151,0.147158,85.3209
982,3.53,3.54116,0.147084,84.8403
983,3.525,3.54068,0.14701,84.7201
984,3.535,3.54051,0.146935,84.9604
985,3.565,3.54124,0.146863,85.6815
986,3.55,3.5415,0.146789,85.3209
987,3.56,3.54206,0.146716,85.5613
988,3.54,3.542,0.146641,85.0806
989,3.545,3.54209,0.146567,85.2008
990,3.555,3.54247,0.146494,85.4411
991,3.56,3.543,0.146421,85.5613
992,3.445,3.54006,0.146378,82.7974
993,3.46,3.53766,0.146325,83.1579
994,3.465,3.53548,0.146269,83.2781
995,3.49,3.53411,0.146202,83.8789
996,3.445,3.53144,0.146155,82.7974
997,3.45,3.529,0.146103,82.9175
998,3.44,3.52633,0.146055,82.6772
999,3.47,3.52464,0.145992,83.3982
1000,3.5,3.5239,0.145921,84.1192
1001,3.495,3.52303,0.145851,83.9991
1002,3.495,3.52219,0.145781,83.9991
1003,3.485,3.52108,0.145713,83.7587
1004,3.49,3.52014,0.145643,83.8789
1005,3.475,3.51879,0.145577,83.5184
1006,3.495,3.51807,0.145507,83.9991
1007,3.5,3.51753,0.145436,84.1192
1008,3.53,3.51791,0.145364,84.8403
1009,3.52,3.51797,0.145292,84.5999
1010,3.535,3.51848,0.145221,84.9604
1011,3.53,3.51883,0.14515,84.8403
1012,3.515,3.51871,0.145078,84.4798
1013,3.565,3.5201,0.145014,85.6815
1014,3.54,3.5207,0.144944,85.0806
1015,3.525,3.52083,0.144872,84.7201
1016,3.49,3.5199,0.144804,83.8789
1017,3.495,3.51915,0.144735,83.9991
1018,3.49,3.51828,0.144667,83.8789
1019,3.505,3.51788,0.144596,84.2394
1020,3.495,3.51719,0.144527,83.9991
1021,3.47,3.51578,0.144463,83.3982
1022,3.5112,3.51564,0.144393,84.3884
1023,3.4913,3.51491,0.144324,83.9102
1024,3.515,3.51491,0.144254,84.4798
1025,3.52,3.51507,0.144184,84.5999
1026,3.515,3.51506,0.144113,84.4798
1027,3.5,3.51461,0.144044,84.1192
1028,3.5,3.51417,0.143975,84.1192
1029,3.49,3.51345,0.143907,83.8789
1030,3.47,3.51215,0.143843,83.3982
1031,3.4402,3.50999,0.143789,82.682
1032,3.46,3.50849,0.143728,83.1579
1033,3.475,3.50748,0.143662,83.5184
1034,3.465,3.50621,0.143598,83.2781
1035,3.44,3.50422,0.143543,82.6772
1036,3.44,3.5023,0.143486,82.6772
1037,3.45,3.50073,0.143426,82.9175
1038,3.485,3.50025,0.143358,83.7587
1039,3.475,3.4995,0.143291,83.5184
1040,3.44,3.49771,0.143233,82.6772
1041,3.41,3.49508,0.143189,81.9562
1042,3.35,3.49073,0.143186,80.5141
1043,3.2999,3.485,0.143232,79.31
1044,3.285,3.479,0.143289,78.9519
1045,3.28,3.47303,0.143345,78.8317
1046,3.29,3.46754,0.143382,79.0721
1047,3.27,3.46162,0.143436,78.5914
1048,3.215,3.45422,0.143557,77.2695
1049,3.26,3.44839,0.143607,78.3511
1050,3.225,3.44169,0.143694,77.5099
1051,3.245,3.43579,0.143746,77.9906
1052,3.235,3.42977,0.143803,77.7502
1053,3.2418,3.42413,0.143844,77.9137
1054,3.24,3.4186,0.143881,77.8704
1055,3.245,3.41339,0.143907,77.9906
1056,3.22,3.40759,0.143954,77.3897
1057,3.24,3.40256,0.143973,77.8704
1058,3.2299,3.39738,0.143997,77.6276
1059,3.22,3.39206,0.144026,77.3897
1060,3.22,3.3869,0.144049,77.3897
1061,3.235,3.38234,0.144052,77.7502
1062,3.225,3.37762,0.144061,77.5099
1063,3.24,3.3735,0.144051,77.8704
1064,3.26,3.37009,0.144023,78.3511
1065,3.255,3.36664,0.143996,78.2309
1066,3.245,3.36299,0.143974,77.9906
1067,3.27,3.3602,0.143933,78.5914
1068,3.28,3.35779,0.143885,78.8317
1069,3.275,3.35531,0.143839,78.7116
1070,3.22,3.35125,0.143828,77.3897
1071,3.22,3.34731,0.143813,77.3897
1072,3.19,3.34259,0.143822,76.6687
1073,3.185,3.33787,0.14383,76.5485
1074,3.175,3.33298,0.143844,76.3082
1075,3.16,3.32779,0.143868,75.9477
1076,3.195,3.32381,0.143855,76.7889
1077,3.19,3.31979,0.143843,76.6687
1078,3.17,3.3153,0.143844,76.188
1079,3.22,3.31244,0.143805,77.3897
1080,3.245,3.31042,0.143752,77.9906
1081,3.2873,3.30972,0.143687,79.0072
1082,3.295,3.30928,0.143621,79.1923
1083,3.275,3.30825,0.143559,78.7116
1084,3.27,3.3071,0.143497,78.5914
1085,3.165,3.30284,0.143492,76.0678
1086,3.15,3.29826,0.143496,75.7073
1087,3.1599,3.29411,0.143488,75.9453
1088,3.18,3.29068,0.143461,76.4283
1089,3.205,3.28811,0.143418,77.0292
1090,3.205,3.28562,0.143373,77.0292
1091,3.25,3.28455,0.143311,78.1107
1092,3.325,3.28576,0.14325,79.9133
1093,3.345,3.28754,0.143195,80.394
1094,3.33,3.28881,0.143135,80.0335
1095,3.35,3.29065,0.143081,80.5141
1096,3.33,3.29183,0.143021,80.0335
1097,3.3,3.29208,0.142956,79.3124
1098,3.28,3.29171,0.142891,78.8317
1099,3.23,3.28986,0.142837,77.63
1100,3.23,3.28807,0.142783,77.63
1101,3.21,3.28572,0.142737,77.1494
1102,3.2,3.28315,0.142694,76.909
1103,3.175,3.27991,0.142664,76.3082
1104,3.19,3.27721,0.142624,76.6687
1105,3.15,3.27339,0.142608,75.7073
1106,3.155,3.26984,0.142585,75.8275
1107,3.175,3.267,0.142547,76.3082
1108,3.165,3.26394,0.142514,76.0678
1109,3.165,3.26097,0.142479,76.0678
1110,3.175,3.25839,0.142437,76.3082
1111,3.16,3.25544,0.142402,75.9477
1112,3.18,3.25318,0.142355,76.4283
1113,3.145,3.24993,0.142325,75.5872
1114,3.121,3.24606,0.142311,75.0103
1115,3.09,3.24138,0.142319,74.2653
1116,3.0634,3.23604,0.142349,73.626
1117,3.08,3.23136,0.142358,74.0249
1118,3.095,3.22727,0.142349,74.3854
1119,3.1,3.22345,0.142333,74.5056
1120,3.0292,3.21762,0.142381,72.804
1121,3.055,3.21274,0.142395,73.4241
1122,3.065,3.20831,0.142396,73.6644
1123,3.11,3.20536,0.142361,74.746
1124,3.145,3.20355,0.142309,75.5872
1125,3.135,3.2015,0.142259,75.3468
1126,3.14,3.19965,0.142207,75.467
1127,3.24,3.20086,0.142149,77.8704
1128,3.229,3.20171,0.142088,77.606
1129,3.238,3.20279,0.142029,77.8223
1130,3.205,3.20286,0.141966,77.0292
1131,3.2,3.20277,0.141904,76.909
1132,3.235,3.20374,0.141844,77.7502
1133,3.28,3.20603,0.141799,78.8317
1134,3.285,3.2084,0.141754,78.9519
1135,3.255,3.2098,0.141698,78.2309
1136,3.24,3.2107,0.141639,77.8704
1137,3.244,3.2117,0.14158,77.9665
1138,3.275,3.2136,0.141529,78.7116
1139,3.285,3.21574,0.141482,78.9519
1140,3.35,3.21977,0.141472,80.5141
1141,3.32,3.22278,0.14144,79.7931
1142,3.315,3.22554,0.141403,79.6729
1143,3.29,3.22748,0.141353,79.0721
1144,3.275,3.2289,0.141298,78.7116
1145,3.24,3.22924,0.141236,77.8704
1146,3.24,3.22956,0.141175,77.8704
1147,3.29,3.23137,0.141124,79.0721
1148,3.285,3.23298,0.141071,78.9519
1149,3.26,3.23379,0.141012,78.3511
1150,3.235,3.23383,0.140951,77.7502
1151,3.215,3.23326,0.140891,77.2695
1152,3.215,3.23271,0.14083,77.2695
1153,3.215,3.23218,0.14077,77.2695
1154,3.27,3.23332,0.140713,78.5914
1155,3.255,3.23397,0.140654,78.2309
1156,3.24,3.23415,0.140593,77.8704
1157,3.22,3.23372,0.140533,77.3897
1158,3.215,3.23316,0.140474,77.2695
1159,3.215,3.23262,0.140414,77.2695
1160,3.205,3.23179,0.140356,77.0292
1161,3.2,3.23084,0.140298,76.909
1162,3.16,3.22871,0.140252,75.9477
1163,3.155,3.2265,0.140208,75.8275
1164,3.16,3.2245,0.14016,75.9477
1165,3.1592,3.22255,0.140112,75.9284
1166,3.16,3.22067,0.140064,75.9477
1167,3.19,3.21975,0.140006,76.6687
1168,3.18,3.21856,0.139951,76.4283
1169,3.135,3.21605,0.139911,75.3468
1170,3.125,3.21332,0.139875,75.1065
1171,3.1189,3.21049,0.139841,74.9599
1172,3.12,3.20777,0.139805,74.9863
1173,3.12,3.20514,0.139768,74.9863
1174,3.11,3.20228,0.139734,74.746
1175,3.08,3.19862,0.139717,74.0249
1176,3.1,3.19566,0.139686,74.5056
1177,3.125,3.19354,0.139641,75.1065
1178,3.13,3.19163,0.139593,75.2266
1179,3.1188,3.18945,0.139549,74.9575
1180,3.07,3.18586,0.139531,73.7846
1181,3.03,3.18119,0.139541,72.8232
1182,3.05,3.17725,0.139531,73.3039
1183,3.07,3.17403,0.139505,73.7846
1184,3,3.16881,0.139532,72.1022
1185,3.035,3.1648,0.139524,72.9434
1186,3.065,3.1618,0.139494,73.6644
1187,3.06,3.15875,0.139465,73.5443
1188,3.07,3.15609,0.139428,73.7846
1189,3,3.15141,0.139439,72.1022
1190,2.995,3.14671,0.13945,71.982
1191,2.995,3.14216,0.139456,71.982
1192,2.98,3.1373,0.139472,71.6215
1193,2.94,3.13138,0.139524,70.6602
1194,2.97,3.12654,0.139539,71.3812
1195,2.985,3.12229,0.139537,71.7417
1196,2.92,3.11622,0.139594,70.1795
1197,2.89,3.10944,0.13968,69.4585
1198,2.889,3.10282,0.139758,69.4344
1199,2.89,3.09644,0.139827,69.4585
1200,2.87,3.08964,0.139912,68.9778
1201,2.86,3.08275,0.140001,68.7374
1202,2.875,3.07652,0.140064,69.098
1203,2.86,3.07003,0.140136,68.7374
1204,2.9267,3.06573,0.140135,70.3405
1205,2.96,3.06255,0.140108,71.1408
1206,2.955,3.05933,0.140083,71.0207
1207,2.97,3.05665,0.140047,71.3812
1208,2.985,3.0545,0.140003,71.7417
1209,2.98,3.05226,0.139961,71.6215
1210,3.03,3.0516,0.139904,72.8232
1211,2.94,3.04825,0.139881,70.6602
1212,2.915,3.04425,0.139873,70.0593
1213,2.93,3.04082,0.139851,70.4198
1214,2.97,3.0387,0.139807,71.3812
1215,2.94,3.03574,0.139777,70.6602
1216,2.96,3.03347,0.139735,71.1408
1217,2.48,3.01686,0.140523,59.6045
1218,2.605,3.00451,0.14093,62.6088
1219,2.555,2.99102,0.141424,61.4071
1220,2.5701,2.97839,0.141849,61.77
1221,2.5391,2.96521,0.142313,61.0249
1222,2.56,2.95306,0.142699,61.5272
1223,2.56,2.94127,0.143056,61.5272
1224,2.57,2.93013,0.143367,61.7676
1225,2.6,2.92022,0.1436,62.4886
1226,2.57,2.90972,0.143869,61.7676
1227,2.595,2.90028,0.144074,62.3684
1228,2.6041,2.89139,0.144248,62.5871
1229,2.595,2.8825,0.144423,62.3684
1230,2.57,2.87312,0.144622,61.7676
1231,2.59,2.86463,0.144775,62.2482
1232,2.62,2.85729,0.144874,62.9693
1233,2.665,2.85152,0.144913,64.0508
1234,2.63,2.84488,0.144983,63.2096
1235,2.64,2.83873,0.145035,63.4499
1236,2.615,2.83202,0.145107,62.8491
1237,2.59,2.82476,0.145202,62.2482
1238,2.57,2.81712,0.145313,61.7676
1239,2.485,2.80715,0.145542,59.7247
1240,2.47,2.79704,0.145779,59.3642
1241,2.4588,2.78689,0.146018,59.095
1242,2.455,2.77693,0.146244,59.0036
1243,2.45,2.76713,0.146462,58.8835
1244,2.42,2.75671,0.146714,58.1625
1245,2.42,2.74661,0.146946,58.1625
1246,2.4012,2.73625,0.147194,57.7106
1247,2.395,2.72601,0.147433,57.5616
1248,2.385,2.71578,0.147671,57.3213
1249,2.405,2.70646,0.147858,57.8019
1250,2.395,2.69711,0.148045,57.5616
1251,2.39,2.6879,0.148225,57.4414
1252,2.39,2.67896,0.148391,57.4414
1253,2.465,2.67254,0.148447,59.244
1254,2.455,2.66602,0.148508,59.0036
1255,2.455,2.65969,0.148561,59.0036
1256,2.4813,2.65434,0.148582,59.6357
1257,2.505,2.64986,0.148579,60.2053
1258,2.485,2.64491,0.148588,59.7247
1259,2.43,2.63846,0.148645,58.4028
1260,2.41,2.63161,0.148717,57.9221
1261,2.4099,2.62496,0.148782,57.9197
1262,2.395,2.61806,0.148855,57.5616
1263,2.405,2.61167,0.14891,57.8019
1264,2.395,2.60517,0.148968,57.5616
1265,2.385,2.59856,0.14903,57.3213
1266,2.38,2.592,0.14909,57.2011
1267,2.36,2.58504,0.149166,56.7204
1268,2.3686,2.57855,0.149223,56.9271
1269,2.3499,2.57169,0.149294,56.4777
1270,2.285,2.56309,0.149439,54.9179
1271,2.295,2.55505,0.149558,55.1582
1272,2.285,2.54695,0.14968,54.9179
1273,2.25,2.53804,0.149838,54.0767
1274,2.26,2.5297,0.14997,54.317
1275,2.2799,2.5222,0.150065,54.7953
1276,2.2497,2.51403,0.150188,54.0694
1277,2.235,2.50566,0.15032,53.7161
1278,2.235,2.49754,0.150441,53.7161
1279,2.245,2.48996,0.150538,53.9565
1280,2.25,2.48276,0.150619,54.0767
1281,2.22,2.47488,0.150729,53.3556
1282,2.21,2.46693,0.150841,53.1153
1283,2.195,2.45878,0.150961,52.7548
1284,2.19,2.45071,0.151078,52.6346
1285,2.195,2.44304,0.151177,52.7548
1286,2.175,2.435,0.151292,52.2741
1287,2.19,2.42765,0.151378,52.6346
1288,2.17,2.41992,0.15148,52.1539
1289,2.215,2.41377,0.151522,53.2355
1290,2.21,2.40766,0.151563,53.1153
1291,2.215,2.40188,0.151594,53.2355
1292,2.23,2.39672,0.151606,53.596
1293,2.225,2.39157,0.151618,53.4758
1294,2.22,2.38642,0.15163,53.3556
1295,2.225,2.38158,0.151634,53.4758
1296,2.21,2.37643,0.151646,53.1153
1297,2.2144,2.37157,0.15165,53.221
1298,2.19,2.36613,0.151671,52.6346
1299,2.21,2.36144,0.151671,53.1153
1300,2.225,2.35735,0.151657,53.4758
1301,2.24,2.35383,0.151631,53.8363
1302,2.23,2.35011,0.15161,53.596
1303,2.25,2.34711,0.151575,54.0767
1304,2.255,2.34435,0.151537,54.1968
1305,2.2601,2.34182,0.151496,54.3194
1306,2.275,2.33981,0.151449,54.6775
1307,2.275,2.33787,0.151401,54.6775
1308,2.25,2.33523,0.151362,54.0767
1309,2.305,2.33433,0.151306,55.3985
1310,2.349,2.33477,0.151249,56.456
1311,2.335,2.33477,0.151191,56.1196
1312,2.315,2.33418,0.151134,55.6389
1313,2.31,2.33346,0.151078,55.5187
1314,2.315,2.3329,0.151022,55.6389
1315,2.37,2.33402,0.150967,56.9607
1316,2.375,2.33524,0.150914,57.0809
1317,2.35,2.33569,0.150857,56.4801
1318,2.335,2.33567,0.1508,56.1196
1319,2.335,2.33565,0.150743,56.1196
1320,2.32,2.33518,0.150687,55.759
1321,2.32,2.33472,0.15063,55.759
1322,2.33,2.33458,0.150573,55.9994
1323,2.38,2.33594,0.150521,57.2011
1324,2.375,2.33711,0.150468,57.0809
1325,2.395,2.33885,0.150419,57.5616
1326,2.4,2.34069,0.150371,57.6818
1327,2.39,2.34217,0.15032,57.4414
1328,2.375,2.34315,0.150266,57.0809
1329,2.34,2.34306,0.15021,56.2397
1330,2.27,2.34086,0.150166,54.5573
1331,2.31,2.33994,0.150112,55.5187
1332,2.31,2.33904,0.150058,55.5187
1333,2.3,2.33787,0.150005,55.2784
1334,2.305,2.33688,0.149951,55.3985
1335,2.305,2.33593,0.149898,55.3985
1336,2.29,2.33455,0.149846,55.038
1337,2.285,2.33306,0.149796,54.9179
1338,2.26,2.33087,0.149753,54.317
1339,2.29,2.32964,0.149701,55.038
1340,2.285,2.3283,0.14965,54.9179
1341,2.275,2.32671,0.149601,54.6775
1342,2.24,2.3241,0.149562,53.8363
1343,2.27,2.32248,0.149514,54.5573
1344,2.26,2.32061,0.149467,54.317
1345,2.265,2.31894,0.149419,54.4372
1346,2.285,2.31792,0.149366,54.9179
1347,2.28,2.31678,0.149314,54.7977
1348,2.26,2.31508,0.149266,54.317
1349,2.25,2.31313,0.149221,54.0767
1350,2.27,2.31183,0.14917,54.5573
1351,2.285,2.31103,0.149116,54.9179
1352,2.285,2.31025,0.149063,54.9179
1353,2.275,2.30919,0.149011,54.6775
1354,2.3,2.30891,0.148956,55.2784
1355,2.29,2.30835,0.148902,55.038
1356,2.295,2.30795,0.148847,55.1582
1357,2.31,2.30801,0.148793,55.5187
1358,2.365,2.30972,0.148745,56.8406
1359,2.325,2.31018,0.148691,55.8792
1360,2.34,2.31107,0.148639,56.2397
1361,2.34,2.31194,0.148586,56.2397
1362,2.35,2.31308,0.148535,56.4801
1363,2.3475,2.31411,0.148483,56.42
1364,2.31,2.31399,0.148429,55.5187
1365,2.335,2.31462,0.148376,56.1196
1366,2.325,2.31493,0.148322,55.8792
1367,2.33,2.31538,0.148268,55.9994
1368,2.35,2.31642,0.148216,56.4801
1369,2.345,2.31728,0.148164,56.3599
1370,2.335,2.31781,0.148111,56.1196
1371,2.33,2.31818,0.148057,55.9994
1372,2.275,2.31688,0.148008,54.6775
1373,2.285,2.31592,0.147956,54.9179
1374,2.255,2.3141,0.147911,54.1968
1375,2.255,2.31232,0.147865,54.1968
1376,2.255,2.3106,0.147819,54.1968
1377,2.25,2.30879,0.147774,54.0767
1378,2.25,2.30702,0.147728,54.0767
1379,2.225,2.30456,0.14769,53.4758
1380,2.21,2.30173,0.147657,53.1153
1381,2.215,2.29912,0.147621,53.2355
1382,2.225,2.2969,0.147581,53.4758
1383,2.23,2.29489,0.147538,53.596
1384,2.22,2.29265,0.147497,53.3556
1385,2.23,2.29077,0.147453,53.596
1386,2.185,2.28759,0.147426,52.5144
1387,2.195,2.28482,0.147392,52.7548
1388,2.185,2.28182,0.147362,52.5144
1389,2.166,2.27835,0.14734,52.0578
1390,2.17,2.2751,0.147314,52.1539
1391,2.135,2.27089,0.147306,51.3127
1392,2.13,2.26667,0.147299,51.1926
1393,2.195,2.26452,0.147258,52.7548
1394,2.215,2.26303,0.14721,53.2355
1395,2.225,2.26189,0.147161,53.4758
1396,2.195,2.25988,0.147119,52.7548
1397,2.185,2.25764,0.147079,52.5144
1398,2.215,2.25636,0.14703,53.2355
1399,2.23,2.25557,0.146979,53.596
1400,2.17,2.253,0.146944,52.1539
1401,2.185,2.25096,0.146902,52.5144
1402,2.195,2.24928,0.146857,52.7548
1403,2.195,2.24765,0.146811,52.7548
1404,2.185,2.24577,0.146768,52.5144
1405,2.185,2.24395,0.146724,52.5144
1406,2.17,2.24173,0.146684,52.1539
1407,2.182,2.23994,0.14664,52.4423
1408,2.1893,2.23842,0.146594,52.6178
1409,2.188,2.23691,0.146548,52.5865
1410,2.185,2.23535,0.146502,52.5144
1411,2.172,2.23345,0.146459,52.202
1412,2.155,2.2311,0.146422,51.7934
1413,2.17,2.22926,0.146378,52.1539
1414,2.185,2.22794,0.146331,52.5144
1415,2.258,2.22884,0.146281,54.2689
1416,2.215,2.22842,0.14623,53.2355
1417,2.22,2.22817,0.146179,53.3556
1418,2.26,2.22912,0.146129,54.317
1419,2.33,2.23215,0.146101,55.9994
1420,2.36,2.23599,0.146087,56.7204
1421,2.2802,2.23731,0.14604,54.8025
1422,2.3025,2.23927,0.145998,55.3384
1423,2.315,2.24154,0.14596,55.6389
1424,2.33,2.24419,0.145926,55.9994
1425,2.32,2.24647,0.145888,55.759
1426,2.33,2.24897,0.145853,55.9994
1427,2.3,2.25051,0.145808,55.2784
1428,2.385,2.25454,0.145797,57.3213
1429,2.36,2.2577,0.145771,56.7204
1430,2.355,2.26062,0.145742,56.6002
1431,2.355,2.26345,0.145711,56.6002
1432,2.355,2.2662,0.145679,56.6002
1433,2.32,2.26781,0.145635,55.759
1434,2.33,2.26968,0.145593,55.9994
1435,2.325,2.27134,0.145549,55.8792
1436,2.295,2.27205,0.1455,55.1582
1437,2.305,2.27304,0.145451,55.3985
1438,2.315,2.2743,0.145405,55.6389
1439,2.33,2.27597,0.145361,55.9994
1440,2.275,2.27594,0.145311,54.6775
1441,2.29,2.27636,0.145261,55.038
1442,2.25,2.27557,0.145212,54.0767
1443,2.245,2.27465,0.145164,53.9565
1444,2.255,2.27406,0.145115,54.1968
1445,2.255,2.27349,0.145065,54.1968
1446,2.255,2.27294,0.145016,54.1968
1447,2.23,2.27165,0.14497,53.596
1448,2.21,2.2698,0.144928,53.1153
1449,2.22,2.2683,0.144884,53.3556
1450,2.2,2.26626,0.144844,52.875
1451,2.215,2.26472,0.1448,53.2355
1452,2.2,2.26278,0.14476,52.875
1453,2.205,2.26104,0.144718,52.9951
1454,2.2,2.25921,0.144676,52.875
1455,2.24,2.25864,0.144627,53.8363
1456,2.285,2.25943,0.144579,54.9179
1457,2.295,2.26049,0.144533,55.1582
1458,2.27,2.26078,0.144483,54.5573
1459,2.24,2.26016,0.144435,53.8363
1460,2.24,2.25955,0.144386,53.8363
1461,2.21,2.25806,0.144342,53.1153
1462,2.26,2.25812,0.144293,54.317
1463,2.255,2.25803,0.144244,54.1968
1464,2.26,2.25809,0.144194,54.317
1465,2.28,2.25875,0.144146,54.7977
1466,2.255,2.25863,0.144097,54.1968
1467,2.27,2.25897,0.144048,54.5573
1468,2.26,2.259,0.143999,54.317
1469,2.2,2.25723,0.143958,52.875
1470,2.155,2.25417,0.143932,51.7934
1471,2.145,2.25089,0.14391,51.5531
1472,2.145,2.24772,0.143886,51.5531
1473,2.135,2.24433,0.143865,51.3127
1474,2.14,2.2412,0.143841,51.4329
1475,2.145,2.23832,0.143812,51.5531
1476,2.12,2.23477,0.143795,50.9522
1477,2.145,2.23208,0.143764,51.5531
1478,2.1399,2.22931,0.143734,51.4305
1479,2.15,2.22693,0.1437,51.6733
1480,2.1503,2.22463,0.143664,51.6805
1481,2.16,2.22269,0.143625,51.9136
1482,2.15,2.22051,0.143588,51.6733
1483,2.19,2.2196,0.143542,52.6346
1484,2.18,2.21841,0.143497,52.3943
1485,2.1556,2.21652,0.143457,51.8078
1486,2.15,2.21453,0.143419,51.6733
1487,2.14,2.21229,0.143383,51.4329
1488,2.115,2.20937,0.143355,50.8321
1489,2.085,2.20564,0.143341,50.111
1490,2.1,2.20247,0.143318,50.4715
1491,2.04,2.1976,0.143328,49.0295
1492,2.035,2.19272,0.143338,48.9093
1493,2.035,2.18799,0.143345,48.9093
1494,2.035,2.1834,0.143348,48.9093
1495,2.02,2.1785,0.143359,48.5488
1496,2.035,2.17419,0.143356,48.9093
1497,2.07,2.17107,0.143332,49.7505
1498,2.065,2.16789,0.143309,49.6304
1499,2.085,2.1654,0.143276,50.111
1500,2.085,2.16299,0.143243,50.111
1501,2.085,2.16065,0.143208,50.111
1502,2.065,2.15778,0.143181,49.6304
1503,2.065,2.15499,0.143152,49.6304
1504,2.06,2.15214,0.143124,49.5102
1505,2.085,2.15013,0.143086,50.111
1506,2.05,2.14713,0.143061,49.2698
1507,2.06,2.14451,0.14303,49.5102
1508,2.055,2.14183,0.143,49.39
1509,2.04,2.13877,0.142975,49.0295
1510,2.035,2.13566,0.142951,48.9093
1511,2.02,2.13219,0.142933,48.5488
1512,1.985,2.12777,0.142933,47.7076
1513,1.96,2.12274,0.142947,47.1068
1514,1.945,2.11741,0.142968,46.7463
1515,1.93,2.11179,0.142997,46.3858
1516,1.9281,2.10628,0.143023,46.3401
1517,1.925,2.10084,0.143048,46.2656
1518,1.94,2.09601,0.143056,46.6261
1519,1.9093,2.09041,0.143085,45.8882
1520,1.885,2.08425,0.143129,45.3042
1521,1.915,2.07917,0.143144,46.0252
1522,1.915,2.07425,0.143155,46.0252
1523,1.905,2.06917,0.14317,45.7849
1524,1.885,2.06364,0.143196,45.3042
1525,1.88,2.05813,0.143222,45.1841
1526,1.815,2.05084,0.143302,43.6218
1527,1.84,2.04451,0.14335,44.2227
1528,1.85,2.03868,0.143385,44.463
1529,1.84,2.03272,0.143423,44.2227
1530,1.855,2.02739,0.143443,44.5832
1531,1.835,2.02162,0.143476,44.1025
1532,1.83,2.01587,0.143508,43.9823
1533,1.795,2.00924,0.143565,43.1412
1534,1.794,2.00278,0.143617,43.1171
1535,1.785,1.99625,0.143672,42.9008
1536,1.765,1.98931,0.143739,42.4201
1537,1.76,1.98243,0.143804,42.3
1538,1.765,1.97591,0.143858,42.4201
1539,1.75,1.96913,0.143919,42.0596
1540,1.795,1.96391,0.143937,43.1412
1541,1.81,1.95929,0.14394,43.5017
1542,1.805,1.95466,0.143944,43.3815
1543,1.815,1.95047,0.143939,43.6218
1544,1.79,1.94566,0.143947,43.021
1545,1.79,1.94099,0.143951,43.021
1546,1.78,1.93616,0.14396,42.7806
1547,1.75,1.93057,0.143986,42.0596
1548,1.745,1.92501,0.144013,41.9395
1549,1.76,1.92006,0.144023,42.3
1550,1.81,1.91676,0.144003,43.5017
1551,1.805,1.9134,0.143982,43.3815
1552,1.785,1.90955,0.143971,42.9008
1553,1.76,1.90506,0.143971,42.3
1554,1.785,1.90146,0.143955,42.9008
1555,1.795,1.89827,0.143933,43.1412
1556,1.7788,1.89468,0.143917,42.7518
1557,1.75,1.89034,0.143914,42.0596
1558,1.765,1.88658,0.143901,42.4201
1559,1.775,1.88324,0.143881,42.6605
1560,1.73,1.87864,0.143884,41.5789
1561,1.755,1.87493,0.14387,42.1798
1562,1.73,1.87058,0.143868,41.5789
1563,1.71,1.86576,0.143876,41.0983
1564,1.725,1.86154,0.143872,41.4588
1565,1.695,1.85655,0.143884,40.7378
1566,1.7,1.85185,0.143889,40.8579
1567,1.73,1.84819,0.143874,41.5789
1568,1.69,1.84345,0.14388,40.6176
1569,1.675,1.83839,0.143893,40.2571
1570,1.685,1.83379,0.143897,40.4974
1571,1.705,1.82993,0.143885,40.9781
1572,1.7,1.82603,0.143875,40.8579
1573,1.695,1.8221,0.143865,40.7378
1574,1.68,1.81784,0.143861,40.3772
1575,1.73,1.8152,0.143831,41.5789
1576,1.725,1.8125,0.143803,41.4588
1577,1.765,1.81107,0.143762,42.4201
1578,1.755,1.80939,0.143723,42.1798
1579,1.76,1.80791,0.143682,42.3
1580,1.79,1.80737,0.143637,43.021
1581,1.81,1.80745,0.143592,43.5017
1582,1.75,1.80573,0.143553,42.0596
1583,1.745,1.8039,0.143516,41.9395
1584,1.755,1.80244,0.143475,42.1798
1585,1.765,1.80131,0.143433,42.4201
1586,1.77,1.80037,0.14339,42.5403
1587,1.765,1.79931,0.143347,42.4201
1588,1.73,1.79723,0.143312,41.5789
1589,1.725,1.79507,0.143278,41.4588
1590,1.735,1.79326,0.14324,41.6991
1591,1.705,1.79062,0.143211,40.9781
1592,1.715,1.78835,0.143178,41.2184
1593,1.71,1.786,0.143146,41.0983
1594,1.715,1.78387,0.143111,41.2184
1595,1.72,1.78195,0.143075,41.3386
1596,1.725,1.78024,0.143037,41.4588
1597,1.715,1.77829,0.143001,41.2184
1598,1.72,1.77654,0.142963,41.3386
1599,1.73,1.77514,0.142923,41.5789
1600,1.725,1.77364,0.142883,41.4588
1601,1.7289,1.77229,0.142843,41.5525
1602,1.73,1.77103,0.142802,41.5789
1603,1.775,1.77115,0.142758,42.6605
1604,1.76,1.77081,0.142713,42.3
1605,1.77,1.77079,0.142669,42.5403
1606,1.77,1.77076,0.142625,42.5403
1607,1.76,1.77044,0.14258,42.3
1608,1.77,1.77043,0.142536,42.5403
1609,1.78,1.77071,0.142492,42.7806
1610,1.77,1.77069,0.142448,42.5403
1611,1.78,1.77097,0.142404,42.7806
1612,1.76,1.77064,0.14236,42.3
1613,1.77,1.77062,0.142316,42.5403
1614,1.755,1.77015,0.142272,42.1798
1615,1.76,1.76985,0.142228,42.3
1616,1.75,1.76925,0.142185,42.0596
1617,1.8003,1.77019,0.142143,43.2685
1618,1.84,1.77228,0.142109,44.2227
1619,1.825,1.77386,0.142071,43.8622
1620,1.84,1.77585,0.142036,44.2227
1621,1.86,1.77837,0.142007,44.7034
1622,1.875,1.78127,0.141982,45.0639
1623,1.89,1.78453,0.141963,45.4244
1624,1.855,1.78665,0.141929,44.5832
1625,1.86,1.78885,0.141896,44.7034
1626,1.85,1.79068,0.14186,44.463
1627,1.86,1.79276,0.141827,44.7034
1628,1.89,1.79568,0.141802,45.4244
1629,1.91,1.79911,0.141785,45.9051
1630,1.96,1.80393,0.141795,47.1068
1631,1.945,1.80817,0.141792,46.7463
1632,1.94,1.81212,0.141784,46.6261
1633,1.94,1.81596,0.141773,46.6261
1634,1.915,1.81893,0.14175,46.0252
1635,1.92,1.82196,0.141727,46.1454
1636,1.91,1.8246,0.1417,45.9051
1637,1.93,1.82776,0.141679,46.3858
1638,1.86,1.82873,0.141638,44.7034
1639,1.8791,1.83024,0.1416,45.1624
1640,1.885,1.83188,0.141563,45.3042
1641,1.8899,1.83363,0.141526,45.422
1642,1.9,1.83562,0.141492,45.6647
1643,1.9,1.83755,0.141458,45.6647
1644,1.9,1.83942,0.141423,45.6647
1645,1.93,1.84214,0.141396,46.3858
1646,1.9294,1.84476,0.141369,46.3713
1647,1.9139,1.84683,0.141335,45.9988
1648,1.882,1.84789,0.141295,45.2321
1649,1.85,1.84795,0.141252,44.463
1650,1.852,1.84807,0.141209,44.5111
1651,1.78,1.84603,0.141176,42.7806
1652,1.7001,1.84165,0.141176,40.8603
1653,1.7,1.8374,0.141174,40.8579
1654,1.705,1.83343,0.141167,40.9781
1655,1.71,1.82973,0.141155,41.0983
1656,1.72,1.82643,0.141136,41.3386
1657,1.7,1.82264,0.141126,40.8579
1658,1.71,1.81926,0.141109,41.0983
1659,1.714,1.8161,0.141089,41.1944
1660,1.715,1.81307,0.141067,41.2184
1661,1.71,1.80998,0.141046,41.0983
1662,1.7112,1.80702,0.141023,41.1271
1663,1.71,1.80411,0.140999,41.0983
1664,1.715,1.80143,0.140973,41.2184
1665,1.72,1.79899,0.140944,41.3386
1666,1.635,1.79407,0.140955,39.2957
1667,1.6197,1.78884,0.140974,38.928
1668,1.62,1.78377,0.140989,38.9352
1669,1.595,1.77811,0.141018,38.3343
1670,1.585,1.77232,0.14105,38.094
1671,1.61,1.76745,0.14106,38.6949
1672,1.66,1.76422,0.141041,39.8966
1673,1.705,1.76245,0.141006,40.9781
1674,1.7,1.76057,0.140972,40.8579
1675,1.6806,1.75817,0.140942,40.3917
1676,1.68,1.75583,0.140912,40.3772
1677,1.7,1.75415,0.140877,40.8579
1678,1.67,1.75163,0.140849,40.1369
1679,1.74,1.75128,0.140807,41.8193
1680,1.7699,1.75184,0.140766,42.5379
1681,1.8,1.75328,0.140729,43.2613
1682,1.7702,1.75379,0.140687,42.5451
1683,1.7499,1.75368,0.140646,42.0572
1684,1.765,1.75401,0.140604,42.4201
1685,1.765,1.75434,0.140563,42.4201
1686,1.79,1.75541,0.140524,43.021
1687,1.72,1.75435,0.140484,41.3386
1688,1.72,1.75332,0.140445,41.3386
1689,1.715,1.75217,0.140407,41.2184
1690,1.725,1.75136,0.140367,41.4588
1691,1.715,1.75027,0.140328,41.2184
1692,1.72,1.74936,0.140288,41.3386
1693,1.7,1.74788,0.140251,40.8579
1694,1.685,1.74599,0.140218,40.4974
1695,1.659,1.74338,0.140191,39.8725
1696,1.67,1.74118,0.140161,40.1369
1697,1.665,1.73889,0.140131,40.0167
1698,1.67,1.73683,0.140099,40.1369
1699,1.66,1.73452,0.14007,39.8966
1700,1.65,1.73199,0.140043,39.6562
1701,1.654,1.72965,0.140013,39.7524
1702,1.655,1.72741,0.139983,39.7764
1703,1.64,1.72479,0.139957,39.4159
1704,1.6497,1.72253,0.139927,39.649
1705,1.635,1.71991,0.139901,39.2957
1706,1.635,1.71736,0.139875,39.2957
1707,1.64,1.71504,0.139845,39.4159
1708,1.59,1.71129,0.139835,38.2142
1709,1.6001,1.70795,0.139819,38.4569
1710,1.595,1.70456,0.139803,38.3343
1711,1.595,1.70128,0.139786,38.3343
1712,1.5969,1.69815,0.139766,38.38
1713,1.565,1.69415,0.13976,37.6133
1714,1.59,1.69103,0.139741,38.2142
1715,1.5699,1.68739,0.139729,37.7311
1716,1.595,1.68462,0.139705,38.3343
1717,1.57,1.68118,0.13969,37.7335
1718,1.565,1.6777,0.139676,37.6133
1719,1.565,1.67432,0.13966,37.6133
1720,1.565,1.67104,0.139643,37.6133
1721,1.55,1.66741,0.139631,37.2528
1722,1.575,1.66463,0.139607,37.8537
1723,1.575,1.66194,0.139583,37.8537
1724,1.56,1.65889,0.139562,37.4931
1725,1.57,1.65622,0.139537,37.7335
1726,1.555,1.65318,0.139517,37.373
1727,1.555,1.65024,0.139495,37.373
1728,1.56,1.64753,0.139471,37.4931
1729,1.505,1.64325,0.13947,36.1713
1730,1.515,1.63941,0.139462,36.4116
1731,1.515,1.63567,0.139452,36.4116
1732,1.505,1.63175,0.139445,36.1713
1733,1.475,1.62705,0.139453,35.4503
1734,1.475,1.62249,0.139457,35.4503
1735,1.49,1.61852,0.139451,35.8108
1736,1.505,1.61511,0.139436,36.1713
1737,1.5228,1.61234,0.139413,36.5991
1738,1.525,1.60972,0.139387,36.652
1739,1.525,1.60718,0.139361,36.652
1740,1.535,1.60501,0.139331,36.8923
1741,1.535,1.60291,0.139301,36.8923
1742,1.53,1.60073,0.139271,36.7721
1743,1.575,1.59995,0.139232,37.8537
1744,1.5715,1.5991,0.139194,37.7695
1745,1.58,1.59853,0.139155,37.9738
1746,1.565,1.59752,0.139117,37.6133
1747,1.56,1.5964,0.13908,37.4931
1748,1.55,1.595,0.139045,37.2528
1749,1.56,1.59395,0.139007,37.4931
1750,1.535,1.59219,0.138974,36.8923
1751,1.53,1.59032,0.138942,36.7721
1752,1.525,1.58836,0.138911,36.652
1753,1.52,1.58631,0.13888,36.5318
1754,1.515,1.58417,0.13885,36.4116
1755,1.515,1.58209,0.13882,36.4116
