Index,Stock Value,Weighted Average,Sigma
0,2.34,2.34,0
1,2.34,2.34,0
2,2.346,2.34036,0.00325628
3,2.341,2.3404,0.00283603
4,2.3425,2.34052,0.00268607
5,2.3375,2.34034,0.00271284
6,2.338,2.3402,0.00264594
7,2.3395,2.34016,0.00248604
8,2.3355,2.33988,0.0027615
9,2.32,2.33869,0.00646428
10,2.285,2.33547,0.0164171
11,2.282,2.33226,0.0213905
12,2.2615,2.32801,0.0276164
13,2.262,2.32405,0.0313564
14,2.265,2.32051,0.0335125
15,2.2685,2.31739,0.0346739
16,2.258,2.31383,0.0362612
17,2.2655,2.31093,0.0368302
18,2.251,2.30733,0.0381062
19,2.231,2.30275,0.0404584
20,2.253,2.29977,0.0407808
21,2.261,2.29744,0.0405936
22,2.263,2.29537,0.0402711
23,2.259,2.29319,0.0400362
24,2.2645,2.29147,0.0395964
25,2.2595,2.28955,0.0392722
26,2.2605,2.28781,0.0388947
27,2.26,2.28614,0.038512
28,2.2155,2.2819,0.0398004
29,2.21,2.27759,0.0410309
30,2.202,2.27305,0.0423329
31,2.209,2.26921,0.0430042
32,2.2205,2.26629,0.0430911
33,2.225,2.26381,0.0429713
34,2.2255,2.26151,0.0427881
35,2.2515,2.26091,0.0422188
36,2.262,2.26098,0.0416447
37,2.2435,2.25993,0.0411794
38,2.231,2.25819,0.0408805
39,2.219,2.25584,0.0407844
40,2.2155,2.25342,0.0407169
41,2.216,2.25117,0.0405937
42,2.21,2.2487,0.0405508
43,2.211,2.24644,0.0404418
44,2.218,2.24474,0.0401881
45,2.22,2.24325,0.0398964
46,2.2255,2.24219,0.0395447
47,2.2275,2.2413,0.0391813
48,2.222,2.24015,0.0388659
49,2.211,2.2384,0.0386699
50,2.2175,2.23714,0.0383876
51,2.217,2.23594,0.0381073
52,2.212,2.2345,0.0378724
53,2.2095,2.233,0.0376561
54,2.1925,2.23057,0.0376636
55,2.211,2.2294,0.0374067
56,2.2225,2.22898,0.0370871
57,2.2165,2.22823,0.0367982
58,2.22,2.22774,0.0364989
59,2.2065,2.22646,0.0362851
60,2.1865,2.22407,0.0363065
61,2.169,2.22076,0.0366076
62,2.1465,2.21631,0.0373657
63,2.183,2.21431,0.0372786
64,2.1955,2.21318,0.0370557
65,2.208,2.21287,0.0367788
66,2.2085,2.21261,0.0365067
67,2.2065,2.21224,0.036244
68,2.208,2.21199,0.0359836
69,2.206,2.21163,0.035732
70,2.2075,2.21138,0.0354824
71,2.235,2.2128,0.0353322
72,2.2355,2.21416,0.0351781
73,2.2365,2.2155,0.0350248
74,2.2405,2.217,0.0348962
75,2.245,2.21868,0.0347971
76,2.2485,2.22047,0.0347177
77,2.245,2.22194,0.0345931
78,2.257,2.22404,0.0345729
79,2.262,2.22632,0.0345869
80,2.271,2.229,0.034688
81,2.2765,2.23185,0.0348267
82,2.282,2.23486,0.0350008
83,2.278,2.23745,0.035072
84,2.2755,2.23973,0.0350803
85,2.275,2.24185,0.0350585
86,2.269,2.24348,0.0349637
87,2.27,2.24507,0.0348659
88,2.2605,2.24599,0.0347035
89,2.25,2.24623,0.0345125
90,2.252,2.24658,0.034327
91,2.257,2.24721,0.0341552
92,2.241,2.24683,0.0339765
93,2.25,2.24702,0.0337967
94,2.2485,2.24711,0.0336186
95,2.2475,2.24714,0.0334431
96,2.2565,2.2477,0.0332823
97,2.262,2.24856,0.0331398
98,2.2785,2.25035,0.0330932
99,2.294,2.25297,0.0331819
100,2.2665,2.25378,0.0330415
101,2.2655,2.25449,0.0328972
102,2.2615,2.25491,0.0327436
103,2.272,2.25593,0.0326238
104,2.275,2.25708,0.0325152
105,2.279,2.25839,0.0324233
106,2.284,2.25993,0.0323552
107,2.286,2.26149,0.0322913
108,2.3005,2.26383,0.0323342
109,2.3165,2.26699,0.0325311
110,2.334,2.27101,0.0329315
111,2.3305,2.27458,0.0332072
112,2.339,2.27845,0.0335471
113,2.344,2.28238,0.0338946
114,2.349,2.28638,0.0342484
115,2.3275,2.28885,0.0342888
116,2.329,2.29125,0.0343198
117,2.326,2.29334,0.0343061
118,2.329,2.29548,0.0342995
119,2.329,2.29749,0.0342772
120,2.3315,2.29953,0.0342588
121,2.32,2.30076,0.0341626
122,2.3135,2.30152,0.0340405
123,2.3085,2.30194,0.0339081
124,2.309,2.30237,0.0337774
125,2.311,2.30288,0.0336509
126,2.315,2.30361,0.0335334
127,2.3265,2.30498,0.0334562
128,2.3135,2.30549,0.0333337
129,2.307,2.30559,0.0332055
130,2.3015,2.30534,0.0330802
131,2.298,2.3049,0.0329602
132,2.295,2.30431,0.0328459
133,2.3025,2.3042,0.0327235
134,2.3075,2.3044,0.0326031
135,2.3155,2.30506,0.0324954
136,2.2955,2.30449,0.0323857
137,2.295,2.30392,0.0322771
138,2.289,2.30302,0.0321827
139,2.2875,2.30209,0.0320913
140,2.2905,2.3014,0.0319905
141,2.3,2.30131,0.0318778
142,2.301,2.30129,0.0317662
143,2.3035,2.30143,0.0316561
144,2.3145,2.30221,0.0315633
145,2.3285,2.30379,0.0315214
146,2.353,2.30674,0.0316449
147,2.351,2.3094,0.0317227
148,2.3625,2.31258,0.0318794
149,2.356,2.31519,0.0319472
150,2.352,2.3174,0.0319655
151,2.355,2.31965,0.031989
152,2.355,2.32177,0.0319972
153,2.344,2.32311,0.0319376
154,2.356,2.32508,0.0319311
155,2.3505,2.32661,0.031886
156,2.3565,2.3284,0.0318633
157,2.3515,2.32979,0.0318093
158,2.35,2.331,0.0317449
159,2.3485,2.33205,0.0316722
160,2.3535,2.33334,0.0316137
161,2.3605,2.33497,0.0315798
162,2.3575,2.33632,0.0315264
163,2.3685,2.33825,0.0315188
164,2.3765,2.34054,0.0315476
165,2.3645,2.34198,0.0315009
166,2.3535,2.34267,0.0314177
167,2.3535,2.34332,0.0313339
168,2.3655,2.34465,0.0312822
169,2.364,2.34581,0.0312212
170,2.369,2.3472,0.0311744
171,2.37,2.34857,0.0311265
172,2.3945,2.35133,0.0312095
173,2.398,2.35413,0.0312969
174,2.405,2.35718,0.031416
175,2.3995,2.35972,0.0314698
176,2.403,2.36232,0.0315294
177,2.401,2.36464,0.0315587
178,2.3935,2.36637,0.0315357
179,2.3865,2.36758,0.0314795
180,2.394,2.36916,0.0314467
181,2.419,2.37215,0.0315519
182,2.3995,2.37379,0.0315229
183,2.3985,2.37528,0.0314837
184,2.4035,2.37697,0.031459
185,2.408,2.37883,0.0314471
186,2.4145,2.38097,0.0314586
187,2.3985,2.38202,0.0313979
188,2.3915,2.38259,0.0313214
189,2.3905,2.38307,0.0312435
190,2.408,2.38456,0.0312077
191,2.4185,2.3866,0.0312114
192,2.42,2.3886,0.0312123
193,2.4215,2.39058,0.0312109
194,2.4155,2.39207,0.0311759
195,2.4115,2.39324,0.0311236
196,2.402,2.39376,0.0310501
197,2.4115,2.39483,0.0309942
198,2.39,2.39454,0.0309179
199,2.3605,2.3925,0.0309234
200,2.37,2.39115,0.0308824
201,2.372,2.39,0.0308319
202,2.3645,2.38847,0.0308018
203,2.3795,2.38793,0.0307319
204,2.38,2.38745,0.0306613
205,2.38,2.38701,0.0305907
206,2.3785,2.3865,0.0305218
207,2.3505,2.38434,0.0305385
208,2.331,2.38114,0.0306622
209,2.3385,2.37858,0.0307138
210,2.338,2.37614,0.0307533
211,2.3425,2.37412,0.0307574
212,2.3455,2.37241,0.0307405
213,2.33,2.36986,0.0307894
214,2.333,2.36765,0.0308085
215,2.3315,2.36548,0.0308239
216,2.328,2.36323,0.0308457
217,2.299,2.35938,0.0310454
218,2.2985,2.35573,0.0312149
219,2.3125,2.35313,0.0312641
220,2.312,2.35066,0.0313015
221,2.321,2.34888,0.031287
222,2.3145,2.34682,0.0312917
223,2.3295,2.34578,0.0312407
224,2.3265,2.34463,0.0311946
225,2.346,2.34471,0.0311256
226,2.342,2.34455,0.0310575
227,2.343,2.34445,0.0309894
228,2.346,2.34455,0.0309218
229,2.3495,2.34484,0.0308561
230,2.3335,2.34416,0.0307972
231,2.341,2.34397,0.0307314
232,2.34,2.34373,0.0306663
233,2.359,2.34465,0.0306151
234,2.37,2.34617,0.0305894
235,2.351,2.34646,0.030526
236,2.3505,2.3467,0.0304625
237,2.351,2.34696,0.0303996
238,2.355,2.34744,0.0303399
239,2.3545,2.34787,0.0302796
240,2.359,2.34853,0.0302242
241,2.362,2.34934,0.0301727
242,2.3595,2.34995,0.0301168
243,2.3585,2.35046,0.0300594
244,2.3755,2.35197,0.0300356
245,2.382,2.35377,0.0300285
246,2.3815,2.35543,0.0300135
247,2.3835,2.35712,0.0299998
248,2.384,2.35873,0.0299823
249,2.385,2.36031,0.029963
250,2.3875,2.36194,0.0299467
251,2.3895,2.36359,0.0299318
252,2.4055,2.36611,0.0299751
253,2.3995,2.36811,0.0299808
254,2.413,2.3708,0.0300384
255,2.4165,2.37354,0.0300996
256,2.4145,2.376,0.0301368
257,2.4155,2.37837,0.0301671
258,2.42,2.38087,0.0302068
259,2.416,2.38298,0.0302181
260,2.4145,2.38487,0.0302159
261,2.41,2.38638,0.0301935
262,2.429,2.38893,0.0302371
263,2.4355,2.39173,0.0302998
264,2.438,2.3945,0.0303604
265,2.4375,2.39708,0.0304044
266,2.434,2.3993,0.0304216
267,2.433,2.40132,0.0304264
268,2.432,2.40316,0.0304207
269,2.4355,2.4051,0.0304206
270,2.439,2.40714,0.030426
271,2.43,2.40851,0.030398
272,2.4245,2.40947,0.0303559
273,2.4285,2.41061,0.0303197
274,2.426,2.41153,0.0302771
275,2.423,2.41222,0.0302292
276,2.423,2.41287,0.0301807
277,2.421,2.41336,0.0301299
278,2.4135,2.41336,0.0300758
279,2.406,2.41292,0.0300249
280,2.4185,2.41326,0.0299731
281,2.408,2.41294,0.0299213
282,2.4035,2.41238,0.0298731
283,2.41,2.41223,0.0298207
284,2.4045,2.41177,0.0297715
285,2.4045,2.41133,0.0297221
286,2.3975,2.4105,0.0296802
287,2.401,2.40993,0.0296333
288,2.3905,2.40877,0.0296015
289,2.3765,2.40683,0.0296041
290,2.3725,2.40477,0.0296137
291,2.369,2.40262,0.0296283
292,2.3675,2.40052,0.0296405
293,2.3675,2.39854,0.0296454
294,2.3555,2.39595,0.0296887
295,2.3435,2.39281,0.0297767
296,2.3265,2.38883,0.0299458
297,2.342,2.38602,0.030004
298,2.347,2.38368,0.0300288
299,2.3495,2.38163,0.0300361
300,2.354,2.37997,0.0300235
301,2.3535,2.37838,0.0300079
302,2.348,2.37656,0.0300032
303,2.3545,2.37523,0.0299774
304,2.3585,2.37423,0.0299418
305,2.355,2.37308,0.0299107
306,2.342,2.37121,0.0299084
307,2.3545,2.37021,0.0298733
308,2.364,2.36984,0.0298267
309,2.373,2.37003,0.0297791
310,2.373,2.37021,0.0297316
311,2.3685,2.3701,0.029684
312,2.367,2.36992,0.029637
313,2.37,2.36992,0.0295898
314,2.3635,2.36954,0.0295447
315,2.3745,2.36983,0.0294991
316,2.3595,2.36921,0.0294576
317,2.3595,2.36863,0.0294157
318,2.3735,2.36892,0.0293707
319,2.368,2.36887,0.0293248
320,2.3705,2.36897,0.0292792
321,2.3855,2.36996,0.0292465
322,2.3825,2.37071,0.0292086
323,2.3835,2.37148,0.0291711
324,2.392,2.37271,0.0291459
325,2.394,2.37399,0.0291222
326,2.389,2.37489,0.0290881
327,2.392,2.37591,0.0290573
328,2.393,2.37694,0.0290267
329,2.3975,2.37817,0.0290022
330,2.4,2.37948,0.0289803
331,2.403,2.38089,0.028962
332,2.413,2.38282,0.0289658
333,2.41,2.38445,0.0289561
334,2.427,2.387,0.0289953
335,2.436,2.38994,0.029061
336,2.4395,2.39292,0.0291286
337,2.4355,2.39547,0.0291668
338,2.4455,2.39847,0.0292356
339,2.445,2.40127,0.0292887
340,2.45,2.40419,0.0293508
341,2.4445,2.40661,0.0293794
342,2.449,2.40915,0.0294153
343,2.437,2.41082,0.0294064
344,2.441,2.41263,0.0294035
345,2.4405,2.41431,0.0293947
346,2.4465,2.41624,0.0293972
347,2.4495,2.41823,0.0294028
348,2.4565,2.42053,0.0294237
349,2.442,2.42182,0.0294014
350,2.4275,2.42216,0.0293609
351,2.425,2.42233,0.0293195
352,2.4385,2.4233,0.0292891
353,2.4345,2.42397,0.0292531
354,2.4315,2.42442,0.0292143
355,2.433,2.42494,0.0291763
356,2.4255,2.42497,0.0291355
357,2.4325,2.42542,0.0290971
358,2.444,2.42654,0.0290712
359,2.445,2.42765,0.0290452
360,2.435,2.42809,0.0290072
361,2.4345,2.42847,0.0289689
362,2.4395,2.42913,0.0289341
363,2.445,2.43008,0.0289049
364,2.444,2.43092,0.0288734
365,2.4395,2.43143,0.028837
366,2.438,2.43183,0.0287995
367,2.4615,2.43361,0.028797
368,2.465,2.43549,0.028799
369,2.4745,2.43783,0.0288231
370,2.476,2.44012,0.0288445
371,2.494,2.44336,0.0289251
372,2.4925,2.4463,0.0289852
373,2.4945,2.4492,0.029041
374,2.4875,2.45149,0.0290618
375,2.4845,2.45347,0.0290672
376,2.4955,2.456,0.0290999
377,2.494,2.45828,0.0291194
378,2.499,2.46072,0.0291473
379,2.5215,2.46437,0.0292561
380,2.525,2.468,0.0293633
381,2.515,2.47082,0.0294118
382,2.509,2.47311,0.0294305
383,2.511,2.47539,0.0294483
384,2.5095,2.47743,0.0294554
385,2.5165,2.47978,0.0294766
386,2.5185,2.4821,0.0294965
387,2.529,2.48492,0.0295434
388,2.5265,2.48741,0.0295719
389,2.5315,2.49006,0.0296084
390,2.534,2.49269,0.0296442
391,2.529,2.49487,0.0296565
392,2.5265,2.49677,0.0296567
393,2.53,2.49876,0.0296608
394,2.526,2.5004,0.0296513
395,2.533,2.50235,0.0296538
396,2.5235,2.50362,0.0296332
397,2.5275,2.50505,0.0296174
398,2.534,2.50679,0.0296116
399,2.528,2.50806,0.0295913
400,2.5235,2.50899,0.0295633
401,2.519,2.50959,0.0295302
402,2.5245,2.51049,0.0295018
403,2.5285,2.51157,0.0294773
404,2.5335,2.51288,0.0294587
405,2.545,2.51481,0.0294606
406,2.5475,2.51677,0.0294638
407,2.548,2.51864,0.0294635
408,2.547,2.52035,0.0294569
409,2.5485,2.52204,0.02945
410,2.5475,2.52356,0.0294379
411,2.5465,2.52494,0.0294213
412,2.542,2.52596,0.0293962
413,2.538,2.52669,0.029366
414,2.564,2.52892,0.0293811
415,2.562,2.53091,0.0293853
416,2.556,2.53241,0.0293728
417,2.5495,2.53344,0.0293481
418,2.55,2.53443,0.029323
419,2.546,2.53513,0.0292928
420,2.5325,2.53497,0.0292583
421,2.5435,2.53548,0.0292262
422,2.534,2.53539,0.0291917
423,2.555,2.53657,0.029171
424,2.564,2.53821,0.0291635
425,2.5695,2.54009,0.0291641
426,2.5685,2.5418,0.0291585
427,2.569,2.54343,0.0291507
428,2.5695,2.54499,0.0291407
429,2.5625,2.54604,0.0291176
430,2.565,2.54718,0.0290965
431,2.5725,2.5487,0.0290853
432,2.58,2.55058,0.0290861
433,2.5865,2.55273,0.0290978
434,2.589,2.55491,0.0291102
435,2.587,2.55683,0.0291127
436,2.6025,2.55957,0.0291518
437,2.613,2.56278,0.0292172
438,2.6125,2.56576,0.029269
439,2.601,2.56788,0.0292784
440,2.61,2.5704,0.0293059
441,2.6115,2.57287,0.0293303
442,2.622,2.57582,0.0293792
443,2.6345,2.57934,0.0294626
444,2.635,2.58268,0.0295339
445,2.6325,2.58567,0.029584
446,2.631,2.58839,0.0296195
447,2.631,2.59094,0.0296469
448,2.6335,2.5935,0.029674
449,2.635,2.59599,0.029698
450,2.635,2.59833,0.0297152
451,2.633,2.60041,0.0297219
452,2.6235,2.60179,0.0297066
453,2.593,2.60127,0.0296764
454,2.5985,2.6011,0.029644
455,2.595,2.60073,0.0296127
456,2.61,2.60129,0.0295831
457,2.6205,2.60244,0.0295628
458,2.609,2.60284,0.029532
459,2.5745,2.60114,0.029526
460,2.5625,2.59882,0.0295424
461,2.556,2.59625,0.0295698
462,2.5565,2.59386,0.0295889
463,2.571,2.59249,0.0295738
464,2.5675,2.59099,0.0295621
465,2.5605,2.58916,0.0295602
466,2.561,2.58747,0.0295539
467,2.551,2.58529,0.0295648
468,2.553,2.58335,0.0295665
469,2.526,2.57991,0.0296395
470,2.52,2.57631,0.0297215
471,2.541,2.57419,0.0297293
472,2.543,2.57232,0.0297284
473,2.5455,2.57071,0.0297196
474,2.5435,2.56908,0.0297115
475,2.5445,2.56761,0.0296992
476,2.54,2.56595,0.0296918
477,2.552,2.56511,0.0296668
478,2.5495,2.56418,0.0296434
479,2.561,2.56398,0.0296128
480,2.5565,2.56354,0.0295838
481,2.552,2.56284,0.0295572
482,2.55,2.56207,0.0295317
483,2.5515,2.56144,0.0295046
484,2.5555,2.56108,0.0294753
485,2.559,2.56096,0.0294451
486,2.539,2.55964,0.0294297
487,2.5675,2.56011,0.0294014
488,2.54,2.5589,0.0293838
489,2.544,2.55801,0.0293606
490,2.537,2.55675,0.0293442
491,2.553,2.55652,0.0293148
492,2.558,2.55661,0.0292852
493,2.556,2.55658,0.0292555
494,2.556,2.55654,0.029226
495,2.4,2.54715,0.0299348
496,2.391,2.53778,0.0306208
497,2.378,2.52819,0.0313217
498,2.354,2.51774,0.0321374
499,2.341,2.50714,0.0329538
500,2.355,2.49801,0.0335352
501,2.354,2.48937,0.0340422
502,2.348,2.48089,0.0345206
503,2.3315,2.47192,0.035049
504,2.4,2.46761,0.0351433
505,2.3925,2.4631,0.0352486
506,2.4135,2.46013,0.0352746
507,2.4085,2.45703,0.0353056
508,2.409,2.45415,0.0353276
509,2.4,2.4509,0.0353649
510,2.3995,2.44781,0.0353948
511,2.404,2.44518,0.0354071
512,2.406,2.44283,0.0354099
513,2.4025,2.44041,0.0354149
514,2.4155,2.43892,0.0353956
515,2.4195,2.43775,0.0353704
516,2.422,2.43681,0.0353422
517,2.4285,2.43631,0.0353097
518,2.4215,2.43542,0.035281
519,2.43,2.4351,0.0352477
520,2.4465,2.43578,0.035217
521,2.4395,2.436,0.0351836
522,2.4285,2.43555,0.0351513
523,2.428,2.4351,0.0351191
524,2.427,2.43461,0.0350872
525,2.438,2.43482,0.0350541
526,2.433,2.43471,0.0350209
527,2.4335,2.43464,0.0349878
528,2.42,2.43376,0.0349598
529,2.422,2.43305,0.0349301
530,2.426,2.43263,0.0348984
531,2.4325,2.43262,0.0348656
532,2.452,2.43378,0.0348418
533,2.45,2.43476,0.0348154
534,2.45,2.43567,0.0347884
535,2.452,2.43665,0.0347622
536,2.452,2.43757,0.0347354
537,2.4505,2.43835,0.0347071
538,2.4425,2.4386,0.0346753
539,2.449,2.43922,0.0346457
540,2.408,2.43735,0.0346367
541,2.429,2.43685,0.0346064
542,2.4305,2.43647,0.0345754
543,2.422,2.4356,0.0345485
544,2.4255,2.43499,0.0345192
545,2.43,2.43469,0.0344882
546,2.426,2.43417,0.0344584
547,2.4265,2.43371,0.0344283
548,2.4255,2.43322,0.0343986
549,2.411,2.43189,0.0343788
550,2.418,2.43105,0.0343521
551,2.4205,2.43042,0.0343236
552,2.4205,2.42982,0.0342948
553,2.427,2.42965,0.034264
554,2.4265,2.42947,0.0342334
555,2.426,2.42926,0.0342029
556,2.4085,2.42801,0.0341821
557,2.417,2.42735,0.0341543
558,2.397,2.42553,0.0341451
559,2.393,2.42358,0.034139
560,2.3965,2.42195,0.0341255
561,2.393,2.42022,0.0341145
562,2.394,2.41864,0.0341
563,2.3905,2.41695,0.0340879
564,2.393,2.41552,0.0340709
565,2.39,2.41399,0.0340557
566,2.4035,2.41336,0.0340282
567,2.414,2.4134,0.0339983
568,2.4455,2.41532,0.0339919
569,2.445,2.4171,0.0339822
570,2.45,2.41908,0.0339771
571,2.4515,2.42102,0.0339713
572,2.456,2.42312,0.0339694
573,2.4495,2.4247,0.0339556
574,2.441,2.42568,0.033932
575,2.44,2.42654,0.0339072
576,2.457,2.42837,0.0338988
577,2.4615,2.43036,0.0338942
578,2.4625,2.43228,0.0338882
579,2.468,2.43443,0.0338877
580,2.467,2.43638,0.0338823
581,2.469,2.43834,0.033877
582,2.465,2.43994,0.0338639
583,2.4605,2.44117,0.0338443
584,2.4585,2.44221,0.0338221
585,2.4665,2.44367,0.0338064
586,2.462,2.44477,0.0337851
587,2.4695,2.44625,0.0337699
588,2.4705,2.44771,0.0337543
589,2.454,2.44809,0.0337266
590,2.4585,2.44871,0.0337004
591,2.4525,2.44894,0.0336723
592,2.4505,2.44903,0.0336439
593,2.4545,2.44936,0.0336163
594,2.4725,2.45075,0.0335998
595,2.4685,2.45181,0.0335786
596,2.467,2.45272,0.0335555
597,2.4575,2.45301,0.033528
598,2.452,2.45295,0.0335
599,2.459,2.45331,0.0334729
600,2.451,2.45317,0.0334451
601,2.4565,2.45337,0.0334176
602,2.447,2.45299,0.0333908
603,2.44,2.45221,0.0333668
604,2.444,2.45172,0.0333407
605,2.455,2.45192,0.0333134
606,2.456,2.45216,0.0332863
607,2.465,2.45293,0.0332625
608,2.465,2.45366,0.0332384
609,2.466,2.4544,0.0332145
610,2.4585,2.45464,0.0331876
611,2.4475,2.45421,0.0331616
612,2.47,2.45516,0.03314
613,2.467,2.45587,0.033116
614,2.466,2.45648,0.0330913
615,2.4655,2.45702,0.0330662
616,2.465,2.4575,0.0330408
617,2.4675,2.4581,0.0330162
618,2.468,2.45869,0.0329917
619,2.48,2.45997,0.0329749
620,2.4765,2.46096,0.0329542
621,2.4805,2.46214,0.0329359
622,2.475,2.46291,0.032913
623,2.4725,2.46348,0.0328886
624,2.4835,2.46468,0.0328709
625,2.4815,2.46569,0.0328508
626,2.485,2.46685,0.0328325
627,2.487,2.46806,0.0328151
628,2.4955,2.46971,0.0328051
629,2.495,2.47122,0.0327928
630,2.5035,2.47316,0.032789
631,2.5275,2.47642,0.032826
632,2.5195,2.47901,0.0328395
633,2.513,2.48105,0.0328382
634,2.517,2.4832,0.0328397
635,2.509,2.48475,0.032828
636,2.513,2.48645,0.032819
637,2.514,2.4881,0.0328093
638,2.506,2.48917,0.0327904
639,2.506,2.49018,0.0327708
640,2.5125,2.49152,0.0327557
641,2.5025,2.49218,0.0327327
642,2.489,2.49199,0.0327074
643,2.4915,2.49196,0.032682
644,2.4985,2.49235,0.0326576
645,2.4935,2.49242,0.0326323
646,2.491,2.49234,0.0326071
647,2.478,2.49148,0.0325863
648,2.472,2.49031,0.0325691
649,2.4895,2.49026,0.032544
650,2.4785,2.48955,0.0325219
651,2.4725,2.48853,0.032503
652,2.474,2.48766,0.0324825
653,2.466,2.48636,0.0324674
654,2.454,2.48442,0.0324644
655,2.4475,2.4822,0.0324679
656,2.449,2.48021,0.0324661
657,2.4605,2.47903,0.0324494
658,2.4775,2.47894,0.0324248
659,2.476,2.47876,0.0324004
660,2.4705,2.47826,0.0323773
661,2.468,2.47765,0.032355
662,2.4665,2.47698,0.0323332
663,2.463,2.47614,0.0323129
664,2.456,2.47493,0.0322969
665,2.4445,2.47311,0.0322917
666,2.4435,2.47133,0.0322855
667,2.433,2.46903,0.0322914
668,2.436,2.46705,0.0322896
669,2.4425,2.46558,0.0322778
670,2.4515,2.46473,0.0322578
671,2.454,2.46409,0.0322361
672,2.4505,2.46327,0.0322159
673,2.4555,2.46281,0.0321932
674,2.4425,2.46159,0.0321777
675,2.4365,2.46008,0.0321667
676,2.4295,2.45825,0.0321619
677,2.4275,2.4564,0.0321574
678,2.4195,2.45419,0.0321613
679,2.404,2.45118,0.0321885
680,2.3905,2.44754,0.032239
681,2.3995,2.44465,0.0322617
682,2.396,2.44173,0.0322856
683,2.3915,2.43872,0.0323124
684,2.395,2.4361,0.032327
685,2.391,2.43339,0.032344
686,2.3965,2.43118,0.0323475
687,2.3935,2.42892,0.0323522
688,2.3935,2.42679,0.0323535
689,2.3805,2.42401,0.0323725
690,2.381,2.42143,0.0323856
691,2.388,2.41943,0.0323842
692,2.38,2.41706,0.0323915
693,2.4035,2.41625,0.0323718
694,2.408,2.41575,0.0323498
695,2.384,2.41385,0.0323463
696,2.3805,2.41185,0.0323449
697,2.3945,2.41081,0.0323276
698,2.3945,2.40983,0.0323097
699,2.4035,2.40945,0.0322874
700,2.4065,2.40927,0.0322645
701,2.4135,2.40953,0.0322419
702,2.444,2.41159,0.0322421
703,2.467,2.41492,0.032279
704,2.4605,2.41765,0.0322964
705,2.4725,2.42094,0.0323318
706,2.484,2.42473,0.0323857
707,2.468,2.42732,0.0323989
708,2.4755,2.43021,0.0324207
709,2.4735,2.43281,0.0324339
710,2.4825,2.43579,0.0324583
711,2.48,2.43845,0.0324729
712,2.473,2.44052,0.0324729
713,2.47,2.44229,0.0324667
714,2.468,2.44383,0.0324566
715,2.4695,2.44537,0.0324465
716,2.463,2.44643,0.0324297
717,2.467,2.44766,0.0324152
718,2.4705,2.44903,0.0324025
719,2.471,2.45035,0.0323892
720,2.47,2.45153,0.032374
721,2.4785,2.45315,0.0323653
722,2.464,2.4538,0.0323452
723,2.469,2.45471,0.0323272
724,2.457,2.45485,0.032305
725,2.459,2.4551,0.032283
726,2.466,2.45575,0.0322631
727,2.4685,2.45652,0.032244
728,2.469,2.45727,0.0322248
729,2.4445,2.4565,0.0322058
730,2.4085,2.45362,0.032227
731,2.4205,2.45163,0.0322255
732,2.4165,2.44952,0.0322266
733,2.426,2.44811,0.032215
734,2.4175,2.44628,0.0322105
735,2.4605,2.44713,0.0321924
736,2.4705,2.44853,0.0321808
737,2.475,2.45012,0.032172
738,2.4965,2.4529,0.0321902
739,2.5185,2.45684,0.0322482
740,2.5075,2.45988,0.0322739
741,2.509,2.46283,0.0322966
742,2.4975,2.46491,0.032297
743,2.49,2.46641,0.0322869
744,2.4705,2.46666,0.0322655
745,2.4695,2.46683,0.0322441
746,2.462,2.46654,0.0322229
747,2.4715,2.46684,0.0322018
748,2.472,2.46715,0.0321808
749,2.4615,2.46681,0.0321599
750,2.449,2.46574,0.0321443
751,2.4485,2.4647,0.0321283
752,2.4335,2.46283,0.0321248
753,2.4405,2.46149,0.0321126
754,2.4275,2.45945,0.0321124
755,2.4255,2.45742,0.0321121
756,2.42,2.45517,0.0321163
757,2.4305,2.45369,0.0321062
758,2.4365,2.45266,0.0320904
759,2.442,2.45202,0.0320713
760,2.44,2.4513,0.0320529
761,2.4355,2.45035,0.0320364
762,2.431,2.44919,0.0320221
763,2.4375,2.44849,0.0320036
764,2.4405,2.44801,0.0319839
765,2.448,2.44801,0.031963
766,2.47,2.44933,0.0319509
767,2.4825,2.45132,0.0319499
768,2.501,2.4543,0.0319735
769,2.498,2.45692,0.031987
770,2.5085,2.46002,0.0320139
771,2.5095,2.46298,0.0320369
772,2.519,2.46635,0.0320721
773,2.5185,2.46947,0.0320998
774,2.495,2.47101,0.0320907
775,2.501,2.47281,0.032086
776,2.4885,2.47375,0.0320697
777,2.497,2.47514,0.0320586
778,2.4895,2.476,0.0320417
779,2.4895,2.47681,0.0320244
780,2.4805,2.47704,0.0320041
781,2.488,2.47769,0.0319858
782,2.489,2.47837,0.0319676
783,2.479,2.47841,0.0319472
784,2.4705,2.47793,0.031928
785,2.463,2.47704,0.0319116
786,2.474,2.47686,0.0318915
787,2.473,2.47662,0.0318715
788,2.4755,2.47656,0.0318513
789,2.4675,2.47601,0.0318326
790,2.4635,2.47526,0.0318152
791,2.4605,2.47438,0.0317989
792,2.4695,2.47408,0.0317793
793,2.4815,2.47453,0.0317602
794,2.4655,2.47399,0.0317417
795,2.4755,2.47408,0.0317218
796,2.474,2.47407,0.0317019
797,2.4645,2.4735,0.0316836
798,2.463,2.47287,0.0316657
799,2.446,2.47126,0.0316585
800,2.4395,2.46935,0.0316563
801,2.451,2.46825,0.0316424
802,2.425,2.46566,0.0316552
803,2.4495,2.46469,0.0316401
804,2.4355,2.46294,0.0316352
805,2.44,2.46156,0.0316247
806,2.4345,2.45994,0.0316178
807,2.431,2.4582,0.0316127
808,2.4275,2.45636,0.0316094
809,2.4285,2.45469,0.0316033
810,2.4265,2.45299,0.0315975
811,2.433,2.4518,0.0315849
812,2.4285,2.4504,0.0315748
813,2.4275,2.44902,0.0315645
814,2.4115,2.44677,0.0315693
815,2.4175,2.44502,0.0315646
816,2.424,2.44375,0.0315529
817,2.4275,2.44278,0.0315381
818,2.41,2.44081,0.0315372
819,2.423,2.43974,0.0315234
820,2.43,2.43916,0.0315058
821,2.432,2.43873,0.0314875
822,2.436,2.43857,0.0314685
823,2.44,2.43865,0.0314495
824,2.44,2.43873,0.0314304
825,2.443,2.43899,0.0314117
826,2.441,2.43911,0.0313928
827,2.453,2.43994,0.0313771
828,2.4625,2.4413,0.0313668
829,2.452,2.44194,0.0313499
830,2.4495,2.44239,0.031332
831,2.4585,2.44336,0.0313175
832,2.4685,2.44487,0.0313094
833,2.461,2.44584,0.0312951
834,2.466,2.44705,0.0312832
835,2.4565,2.44761,0.031266
836,2.4475,2.44761,0.0312473
837,2.4475,2.4476,0.0312287
838,2.4545,2.44801,0.0312108
839,2.4575,2.44858,0.0311938
840,2.439,2.44801,0.0311768
841,2.444,2.44777,0.0311585
842,2.4415,2.44739,0.0311407
843,2.4355,2.44668,0.0311246
844,2.421,2.44514,0.0311173
845,2.4055,2.44276,0.0311253
846,2.4075,2.44064,0.0311277
847,2.4205,2.43943,0.0311162
848,2.4265,2.43866,0.0311006
849,2.4105,2.43697,0.0310956
850,2.4025,2.4349,0.0310971
851,2.3895,2.43218,0.0311133
852,2.377,2.42887,0.0311457
853,2.3875,2.42638,0.0311559
854,2.3865,2.42399,0.031164
855,2.369,2.42069,0.0311959
856,2.3695,2.41762,0.031221
857,2.367,2.41458,0.0312451
858,2.3765,2.4123,0.0312507
859,2.3755,2.41009,0.0312548
860,2.3715,2.40777,0.0312611
861,2.3695,2.40548,0.031267
862,2.355,2.40245,0.0312906
863,2.359,2.39984,0.0313033
864,2.38,2.39865,0.0312917
865,2.37,2.39693,0.031287
866,2.357,2.39454,0.0312949
867,2.3545,2.39213,0.031303
868,2.363,2.39039,0.0312987
869,2.3665,2.38895,0.03129
870,2.3605,2.38725,0.0312852
871,2.3675,2.38606,0.0312735
872,2.371,2.38516,0.0312593
873,2.373,2.38443,0.0312438
874,2.396,2.38512,0.0312281
875,2.3945,2.38569,0.0312117
876,2.398,2.38642,0.0311963
877,2.399,2.38718,0.0311811
878,2.4035,2.38816,0.0311677
879,2.38,2.38767,0.031151
880,2.382,2.38733,0.0311339
881,2.3865,2.38728,0.0311162
882,2.3715,2.38633,0.0311026
883,2.3685,2.38526,0.0310901
884,2.382,2.38507,0.0310727
885,2.38,2.38476,0.0310556
886,2.3775,2.38433,0.0310389
887,2.3685,2.38338,0.0310255
888,2.359,2.38191,0.0310175
889,2.3725,2.38135,0.0310015
890,2.366,2.38043,0.0309879
891,2.4015,2.38169,0.0309776
892,2.41,2.38339,0.0309731
893,2.4155,2.38532,0.0309722
894,2.4075,2.38665,0.0309627
895,2.4125,2.3882,0.0309561
896,2.4155,2.38984,0.0309507
897,2.4175,2.3915,0.0309456
898,2.426,2.39357,0.0309473
899,2.427,2.39557,0.0309479
900,2.418,2.39692,0.0309387
901,2.419,2.39824,0.0309292
902,2.4175,2.3994,0.030918
903,2.4215,2.40073,0.0309086
904,2.426,2.40224,0.0309016
905,2.4355,2.40424,0.030902
906,2.4465,2.40677,0.0309131
907,2.449,2.40931,0.0309242
908,2.4505,2.41178,0.0309338
909,2.457,2.41449,0.0309489
910,2.4565,2.41701,0.0309596
911,2.459,2.41953,0.0309702
912,2.468,2.42244,0.0309899
913,2.4715,2.42538,0.0310105
914,2.4645,2.42773,0.0310174
915,2.459,2.42961,0.0310157
916,2.4485,2.43074,0.0310043
917,2.45,2.4319,0.0309932
918,2.435,2.43208,0.0309764
919,2.44,2.43256,0.0309606
920,2.4275,2.43225,0.0309442
921,2.4015,2.43041,0.030942
922,2.412,2.4293,0.0309305
923,2.4095,2.42812,0.0309198
924,2.414,2.42727,0.0309062
925,2.412,2.42635,0.0308931
926,2.4065,2.42516,0.0308825
927,2.421,2.42491,0.0308661
928,2.4005,2.42345,0.0308587
929,2.4155,2.42297,0.0308431
930,2.419,2.42273,0.0308267
931,2.4275,2.42302,0.0308106
932,2.423,2.42302,0.030794
933,2.426,2.4232,0.0307777
934,2.424,2.42324,0.0307612
935,2.424,2.42329,0.0307448
936,2.4195,2.42306,0.0307286
937,2.4365,2.42387,0.030715
938,2.422,2.42376,0.0306987
939,2.4265,2.42392,0.0306825
940,2.4285,2.4242,0.0306665
941,2.421,2.424,0.0306504
942,2.418,2.42364,0.0306347
943,2.418,2.42331,0.0306189
944,2.424,2.42335,0.0306027
945,2.4305,2.42378,0.0305873
946,2.4275,2.424,0.0305714
947,2.431,2.42442,0.030556
948,2.4245,2.42442,0.0305399
949,2.4115,2.42365,0.0305264
950,2.412,2.42295,0.0305124
951,2.4085,2.42208,0.0304995
952,2.398,2.42064,0.0304923
953,2.4025,2.41955,0.0304813
954,2.398,2.41826,0.0304724
955,2.3745,2.41563,0.0304855
956,2.3705,2.41292,0.0305004
957,2.384,2.41119,0.0304972
958,2.39,2.40992,0.0304881
959,2.3805,2.40815,0.0304852
960,2.3755,2.40619,0.0304855
961,2.3715,2.40411,0.0304877
962,2.37,2.40206,0.0304894
963,2.351,2.399,0.0305128
964,2.3435,2.39567,0.0305432
965,2.344,2.39257,0.0305673
966,2.3535,2.39023,0.0305744
967,2.347,2.38763,0.0305865
968,2.346,2.38513,0.0305965
969,2.3435,2.38264,0.0306065
970,2.35,2.38068,0.0306066
971,2.3445,2.37851,0.0306103
972,2.36,2.3774,0.0305997
973,2.337,2.37497,0.0306081
974,2.3495,2.37344,0.030602
975,2.3355,2.37117,0.0306077
976,2.3475,2.36975,0.0306003
977,2.347,2.36838,0.0305923
978,2.3435,2.36689,0.0305858
979,2.3485,2.36579,0.0305752
980,2.366,2.3658,0.0305596
981,2.3825,2.3668,0.0305481
982,2.366,2.36675,0.0305326
983,2.3635,2.36656,0.0305172
984,2.375,2.36706,0.0305028
985,2.371,2.3673,0.0304875
986,2.37,2.36746,0.0304722
987,2.3705,2.36765,0.0304569
988,2.364,2.36743,0.0304417
989,2.3665,2.36737,0.0304263
990,2.36,2.36693,0.0304118
991,2.35,2.36591,0.0304006
992,2.3455,2.36469,0.0303914
993,2.3415,2.3633,0.030384
994,2.3505,2.36253,0.0303711
995,2.347,2.3616,0.0303594
996,2.349,2.36084,0.0303465
997,2.346,2.35995,0.0303345
998,2.35,2.35935,0.0303207
999,2.33,2.35759,0.0303181
1000,2.3335,2.35615,0.0303114
1001,2.316,2.35374,0.0303198
1002,2.328,2.35219,0.0303143
1003,2.327,2.35068,0.0303084
1004,2.327,2.34926,0.0303014
1005,2.3555,2.34964,0.0302869
1006,2.3625,2.35041,0.0302743
1007,2.3705,2.35161,0.0302651
1008,2.388,2.3538,0.0302693
1009,2.384,2.35561,0.0302675
1010,2.402,2.35839,0.0302836
1011,2.3925,2.36044,0.0302854
1012,2.3885,2.36212,0.0302818
1013,2.379,2.36313,0.0302709
1014,2.3925,2.3649,0.0302684
1015,2.3865,2.36619,0.0302602
1016,2.377,2.36684,0.030247
1017,2.3875,2.36808,0.0302383
1018,2.3915,2.36949,0.0302313
1019,2.393,2.3709,0.0302244
1020,2.3995,2.37261,0.0302213
1021,2.4055,2.37459,0.030222
1022,2.4015,2.3762,0.0302176
1023,2.41,2.37823,0.0302192
1024,2.4055,2.37987,0.030215
1025,2.4035,2.38128,0.0302083
1026,2.4075,2.38286,0.0302033
1027,2.441,2.38634,0.0302367
1028,2.4465,2.38995,0.0302734
1029,2.4545,2.39383,0.0303177
1030,2.4595,2.39777,0.0303639
1031,2.4565,2.40129,0.0303978
1032,2.45,2.40421,0.0304165
1033,2.452,2.40708,0.0304339
1034,2.449,2.4096,0.0304438
1035,2.463,2.4128,0.030469
1036,2.478,2.41671,0.0305138
1037,2.475,2.42021,0.0305464
1038,2.4775,2.42365,0.0305774
1039,2.471,2.42649,0.0305939
1040,2.479,2.42964,0.0306174
1041,2.498,2.43374,0.0306674
1042,2.5055,2.43805,0.0307238
1043,2.4985,2.44167,0.0307594
1044,2.5,2.44517,0.0307914
1045,2.528,2.45014,0.0308707
1046,2.5375,2.45538,0.0309601
1047,2.5305,2.45989,0.0310221
1048,2.519,2.46344,0.0310547
1049,2.519,2.46677,0.0310818
1050,2.5265,2.47036,0.0311152
1051,2.531,2.47399,0.03115
1052,2.5275,2.4772,0.0311738
1053,2.5475,2.48142,0.0312254
1054,2.539,2.48488,0.0312551
1055,2.5385,2.48809,0.0312787
1056,2.5355,2.49094,0.031294
1057,2.5805,2.49631,0.0313861
1058,2.559,2.50007,0.0314235
1059,2.5825,2.50502,0.0314987
1060,2.5715,2.50901,0.0315422
1061,2.5595,2.51204,0.031561
1062,2.597,2.51714,0.0316411
1063,2.596,2.52187,0.0317078
1064,2.602,2.52667,0.0317768
1065,2.597,2.53089,0.0318264
1066,2.594,2.53468,0.0318633
1067,2.5965,2.53839,0.031898
1068,2.5945,2.54176,0.0319238
1069,2.583,2.54423,0.0319309
1070,2.576,2.54614,0.031929
1071,2.56,2.54697,0.0319166
1072,2.5755,2.54868,0.0319122
1073,2.5715,2.55005,0.0319041
1074,2.57,2.55125,0.0318944
1075,2.565,2.55207,0.031882
1076,2.561,2.55261,0.0318682
1077,2.5605,2.55308,0.0318542
1078,2.56,2.5535,0.0318401
1079,2.568,2.55437,0.0318281
1080,2.566,2.55506,0.0318151
1081,2.548,2.55464,0.031801
1082,2.5435,2.55397,0.0317879
1083,2.562,2.55445,0.0317741
1084,2.571,2.55545,0.0317629
1085,2.576,2.55668,0.0317537
1086,2.578,2.55796,0.0317449
1087,2.585,2.55958,0.0317397
1088,2.576,2.56057,0.0317286
1089,2.575,2.56143,0.0317167
1090,2.568,2.56183,0.0317027
1091,2.5795,2.56289,0.0316921
1092,2.581,2.56397,0.0316818
1093,2.5765,2.56473,0.0316694
1094,2.572,2.56516,0.0316556
1095,2.574,2.56569,0.0316421
1096,2.581,2.56661,0.0316307
1097,2.578,2.56729,0.0316179
1098,2.573,2.56764,0.0316039
1099,2.5785,2.56829,0.0315911
1100,2.5785,2.5689,0.031578
1101,2.573,2.56915,0.0315639
1102,2.574,2.56944,0.0315499
1103,2.5735,2.56968,0.0315358
1104,2.5695,2.56967,0.0315216
1105,2.563,2.56927,0.0315079
1106,2.564,2.56895,0.031494
1107,2.5755,2.56935,0.0314803
1108,2.593,2.57077,0.0314732
1109,2.595,2.57222,0.0314665
1110,2.5975,2.57374,0.0314604
1111,2.5955,2.57504,0.0314522
1112,2.595,2.57624,0.0314431
1113,2.598,2.57755,0.031435
1114,2.597,2.57871,0.0314256
1115,2.602,2.58011,0.0314184
1116,2.6165,2.58229,0.031421
1117,2.628,2.58504,0.0314332
1118,2.623,2.58731,0.0314373
1119,2.619,2.58922,0.0314358
1120,2.6225,2.59121,0.0314357
1121,2.6245,2.59321,0.0314356
1122,2.6015,2.59371,0.0314224
1123,2.6215,2.59537,0.0314181
1124,2.6275,2.5973,0.031417
1125,2.6365,2.59965,0.0314223
1126,2.654,2.60291,0.0314452
1127,2.6475,2.60559,0.031456
1128,2.651,2.60831,0.0314677
1129,2.654,2.61106,0.0314797
1130,2.6535,2.6136,0.0314882
1131,2.653,2.61597,0.0314935
1132,2.651,2.61807,0.0314948
1133,2.6505,2.62001,0.0314939
1134,2.6525,2.62196,0.0314931
1135,2.6525,2.6238,0.0314907
1136,2.6515,2.62546,0.0314864
1137,2.65,2.62693,0.03148
1138,2.652,2.62843,0.0314739
1139,2.6545,2.63,0.0314684
1140,2.6565,2.63159,0.0314633
1141,2.6475,2.63254,0.0314526
1142,2.6455,2.63332,0.0314409
1143,2.6475,2.63417,0.0314297
1144,2.6585,2.63563,0.0314232
1145,2.6615,2.63718,0.0314177
1146,2.666,2.63891,0.0314142
1147,2.665,2.64048,0.0314088
1148,2.6625,2.6418,0.0314011
1149,2.664,2.64313,0.0313935
1150,2.668,2.64462,0.0313874
1151,2.672,2.64627,0.0313829
1152,2.584,2.64253,0.0314166
1153,2.568,2.63806,0.0314707
1154,2.5685,2.63388,0.0315158
1155,2.5725,2.6302,0.0315479
1156,2.582,2.62731,0.0315624
1157,2.5745,2.62414,0.0315824
1158,2.5755,2.62122,0.0315974
1159,2.569,2.61809,0.0316166
1160,2.57,2.6152,0.0316308
1161,2.559,2.61183,0.0316552
1162,2.549,2.60806,0.0316889
1163,2.5385,2.60389,0.0317332
1164,2.5215,2.59894,0.0318007
1165,2.527,2.59463,0.0318487
1166,2.519,2.59009,0.031903
1167,2.5255,2.58621,0.0319387
1168,2.525,2.58254,0.0319694
1169,2.5275,2.57924,0.0319915
1170,2.5345,2.57656,0.0320015
1171,2.5585,2.57547,0.0319917
1172,2.5525,2.57409,0.0319842
1173,2.5645,2.57352,0.0319717
1174,2.55,2.57211,0.0319646
1175,2.5505,2.57081,0.0319565
1176,2.551,2.56962,0.0319475
1177,2.542,2.56796,0.0319429
1178,2.544,2.56653,0.0319361
1179,2.5485,2.56544,0.0319264
1180,2.545,2.56422,0.0319178
1181,2.5425,2.56292,0.0319098
1182,2.542,2.56166,0.0319014
1183,2.539,2.5603,0.0318939
1184,2.5495,2.55965,0.0318818
1185,2.554,2.55931,0.0318688
1186,2.564,2.55959,0.0318556
1187,2.563,2.5598,0.0318423
1188,2.557,2.55963,0.031829
1189,2.577,2.56067,0.0318192
1190,2.5835,2.56204,0.0318119
1191,2.5955,2.56405,0.0318116
1192,2.592,2.56573,0.0318073
1193,2.593,2.56736,0.0318027
1194,2.598,2.5692,0.0318003
1195,2.6005,2.57108,0.0317984
1196,2.6025,2.57296,0.0317965
1197,2.602,2.57471,0.0317931
1198,2.5915,2.57571,0.0317831
1199,2.5915,2.57666,0.0317727
1200,2.5995,2.57803,0.0317655
1201,2.597,2.57917,0.0317565
1202,2.6015,2.58051,0.031749
1203,2.599,2.58162,0.0317398
1204,2.6085,2.58323,0.031735
1205,2.598,2.58412,0.0317243
1206,2.602,2.58519,0.0317149
1207,2.609,2.58662,0.0317083
1208,2.6075,2.58787,0.0317002
1209,2.611,2.58926,0.0316933
1210,2.61,2.5905,0.0316851
1211,2.6105,2.5917,0.0316766
1212,2.6105,2.59283,0.0316677
1213,2.6115,2.59395,0.0316586
1214,2.616,2.59527,0.0316512
1215,2.63,2.59736,0.031652
1216,2.654,2.60076,0.0316758
1217,2.6515,2.6038,0.0316923
1218,2.6485,2.60648,0.0317021
1219,2.6415,2.60858,0.0317031
1220,2.652,2.61119,0.0317116
1221,2.6465,2.61331,0.0317129
1222,2.647,2.61533,0.0317129
1223,2.65,2.61741,0.0317136
1224,2.655,2.61967,0.0317167
1225,2.636,2.62065,0.0317068
1226,2.641,2.62187,0.0316986
1227,2.646,2.62331,0.0316923
1228,2.646,2.62468,0.0316852
1229,2.6485,2.62611,0.0316788
1230,2.646,2.6273,0.0316704
1231,2.646,2.62842,0.0316615
1232,2.643,2.6293,0.0316511
1233,2.652,2.63066,0.0316441
1234,2.6625,2.63257,0.0316427
1235,2.663,2.63439,0.0316404
1236,2.661,2.63599,0.0316356
1237,2.6635,2.63764,0.0316313
1238,2.6645,2.63925,0.0316267
1239,2.666,2.64086,0.031622
1240,2.6695,2.64258,0.0316185
1241,2.6665,2.64401,0.0316122
1242,2.67,2.64557,0.0316071
1243,2.681,2.6477,0.0316085
1244,2.6795,2.6496,0.0316072
1245,2.684,2.65167,0.0316077
1246,2.6865,2.65376,0.0316087
1247,2.6875,2.65578,0.0316088
1248,2.686,2.6576,0.0316063
1249,2.69,2.65954,0.0316054
1250,2.6895,2.66134,0.0316028
1251,2.6945,2.66333,0.0316025
1252,2.707,2.66595,0.0316111
1253,2.703,2.66817,0.0316138
1254,2.69,2.66948,0.0316066
1255,2.6745,2.66978,0.0315943
1256,2.6815,2.67048,0.0315832
1257,2.684,2.6713,0.0315727
1258,2.6825,2.67197,0.0315615
1259,2.686,2.67281,0.0315512
1260,2.696,2.6742,0.0315447
1261,2.696,2.67551,0.0315374
1262,2.703,2.67716,0.0315333
1263,2.7045,2.6788,0.0315291
1264,2.7045,2.68034,0.031524
1265,2.705,2.68182,0.0315183
1266,2.7085,2.68342,0.0315137
1267,2.711,2.68508,0.0315097
1268,2.706,2.68633,0.0315021
1269,2.695,2.68685,0.0314905
1270,2.6945,2.68731,0.0314788
1271,2.6985,2.68798,0.0314678
1272,2.688,2.68798,0.0314554
1273,2.6775,2.68735,0.0314443
1274,2.667,2.68613,0.0314365
1275,2.6605,2.68459,0.0314315
1276,2.6675,2.68357,0.0314224
1277,2.676,2.68312,0.0314107
1278,2.6805,2.68296,0.0313985
1279,2.671,2.68224,0.0313878
1280,2.674,2.68175,0.0313763
1281,2.667,2.68086,0.0313664
1282,2.6625,2.67976,0.0313579
1283,2.6615,2.67866,0.0313494
1284,2.6795,2.67871,0.0313372
1285,2.6865,2.67918,0.0313257
1286,2.6875,2.67968,0.0313142
1287,2.7,2.6809,0.0313066
1288,2.685,2.68115,0.0312946
1289,2.689,2.68162,0.0312832
1290,2.692,2.68224,0.0312722
1291,2.6915,2.6828,0.0312611
1292,2.692,2.68335,0.0312499
1293,2.6845,2.68342,0.0312379
1294,2.688,2.68369,0.031226
1295,2.693,2.68425,0.0312149
1296,2.7,2.6852,0.0312056
1297,2.702,2.6862,0.0311966
1298,2.702,2.68715,0.0311874
1299,2.6935,2.68753,0.0311758
1300,2.692,2.6878,0.031164
1301,2.6885,2.68784,0.0311521
1302,2.691,2.68803,0.0311402
1303,2.6895,2.68812,0.0311283
1304,2.685,2.68793,0.0311165
1305,2.6965,2.68845,0.0311054
1306,2.6925,2.68869,0.0310936
1307,2.685,2.68847,0.0310819
1308,2.686,2.68832,0.0310701
1309,2.6885,2.68833,0.0310582
1310,2.686,2.68819,0.0310464
1311,2.6905,2.68833,0.0310347
1312,2.6895,2.6884,0.0310229
1313,2.6865,2.68829,0.0310111
1314,2.705,2.68929,0.0310023
1315,2.648,2.68681,0.031009
1316,2.665,2.6855,0.0310024
1317,2.652,2.68349,0.0310028
1318,2.6555,2.68181,0.0309995
1319,2.6435,2.67951,0.0310036
1320,2.643,2.67732,0.0310062
1321,2.62,2.67388,0.0310299
1322,2.6165,2.67044,0.0310536
1323,2.6265,2.6678,0.0310626
1324,2.646,2.6665,0.031056
1325,2.6405,2.66494,0.0310515
1326,2.6295,2.66281,0.0310533
1327,2.632,2.66096,0.0310518
1328,2.62,2.6585,0.0310581
1329,2.6215,2.65628,0.031061
1330,2.625,2.65441,0.0310598
1331,2.6305,2.65297,0.0310543
1332,2.642,2.65231,0.0310439
1333,2.6395,2.65155,0.031034
1334,2.6375,2.6507,0.0310245
1335,2.629,2.6494,0.0310179
1336,2.625,2.64794,0.0310126
1337,2.6205,2.64629,0.0310091
1338,2.621,2.64477,0.0310043
1339,2.6195,2.64326,0.0309995
1340,2.6205,2.64189,0.0309935
1341,2.63,2.64118,0.0309834
1342,2.614,2.63955,0.0309797
1343,2.6245,2.63864,0.0309706
1344,2.6275,2.63798,0.0309604
1345,2.637,2.63792,0.0309489
1346,2.643,2.63822,0.0309377
1347,2.6475,2.63878,0.0309271
1348,2.6465,2.63924,0.0309163
1349,2.646,2.63965,0.0309053
1350,2.6565,2.64066,0.0308969
1351,2.6405,2.64065,0.0308855
1352,2.6385,2.64052,0.0308741
1353,2.623,2.63947,0.0308659
1354,2.623,2.63848,0.0308574
1355,2.629,2.63791,0.030847
1356,2.633,2.63762,0.0308359
1357,2.63,2.63716,0.0308251
1358,2.634,2.63697,0.0308139
1359,2.6335,2.63676,0.0308027
1360,2.6275,2.63621,0.0307923
1361,2.625,2.63553,0.0307823
1362,2.623,2.63478,0.0307726
1363,2.6205,2.63393,0.0307635
1364,2.6205,2.63312,0.0307541
1365,2.6245,2.6326,0.0307437
1366,2.6235,2.63206,0.0307333
1367,2.6235,2.63154,0.0307228
1368,2.627,2.63127,0.0307118
1369,2.619,2.63053,0.0307022
1370,2.622,2.63002,0.0306918
1371,2.6365,2.63041,0.030681
1372,2.636,2.63075,0.0306702
1373,2.637,2.63112,0.0306594
1374,2.6395,2.63162,0.030649
1375,2.6395,2.6321,0.0306385
1376,2.6365,2.63236,0.0306276
1377,2.659,2.63396,0.0306239
1378,2.6515,2.63501,0.030616
1379,2.646,2.63567,0.0306062
1380,2.649,2.63647,0.0305969
1381,2.6515,2.63737,0.0305882
1382,2.656,2.63849,0.0305808
1383,2.655,2.63948,0.0305726
1384,2.6495,2.64008,0.0305626
1385,2.6525,2.64083,0.0305532
1386,2.662,2.6421,0.0305468
1387,2.6545,2.64284,0.0305374
1388,2.653,2.64345,0.0305275
1389,2.6495,2.64381,0.0305169
1390,2.6445,2.64386,0.030506
1391,2.64,2.64362,0.0304952
1392,2.637,2.64323,0.0304847
1393,2.637,2.64285,0.0304741
1394,2.6375,2.64253,0.0304635
1395,2.647,2.6428,0.0304528
1396,2.648,2.64311,0.0304422
1397,2.6455,2.64326,0.0304313
1398,2.6475,2.64351,0.0304207
1399,2.649,2.64384,0.0304101
1400,2.6465,2.644,0.0303993
1401,2.648,2.64424,0.0303886
1402,2.65,2.64458,0.0303782
1403,2.6475,2.64476,0.0303674
1404,2.652,2.64519,0.0303572
1405,2.691,2.64794,0.0303681
1406,2.6865,2.65026,0.0303727
1407,2.696,2.653,0.0303835
1408,2.681,2.65468,0.0303808
1409,2.6745,2.65587,0.0303741
1410,2.6775,2.65717,0.0303681
1411,2.688,2.65902,0.0303672
1412,2.6945,2.66115,0.0303694
1413,2.7,2.66348,0.0303742
1414,2.714,2.66651,0.0303897
1415,2.6875,2.66777,0.0303835
1416,2.6905,2.66913,0.0303781
1417,2.6945,2.67065,0.0303739
1418,2.693,2.672,0.0303684
1419,2.693,2.67326,0.0303622
1420,2.691,2.67432,0.0303547
1421,2.6935,2.67547,0.0303478
1422,2.6995,2.67691,0.0303431
1423,2.7035,2.67851,0.0303396
1424,2.707,2.68022,0.0303373
1425,2.7,2.6814,0.0303306
1426,2.704,2.68276,0.0303252
1427,2.711,2.68445,0.0303227
1428,2.713,2.68617,0.0303204
1429,2.7245,2.68847,0.0303248
1430,2.7475,2.69201,0.0303497
1431,2.741,2.69495,0.0303635
1432,2.769,2.69939,0.0304085
1433,2.755,2.70273,0.0304293
1434,2.7605,2.70619,0.0304524
1435,2.767,2.70984,0.0304792
1436,2.7695,2.71342,0.0305044
1437,2.79,2.71802,0.0305529
1438,2.799,2.72288,0.0306081
1439,2.7905,2.72693,0.0306433
1440,2.7905,2.73075,0.0306731
1441,2.7905,2.73433,0.0306981
1442,2.777,2.73689,0.0307056
1443,2.7855,2.73981,0.0307185
1444,2.789,2.74276,0.030732
1445,2.7925,2.74574,0.0307459
1446,2.795,2.7487,0.0307594
1447,2.7975,2.75163,0.0307724
1448,2.7915,2.75402,0.0307775
1449,2.8,2.75678,0.0307878
1450,2.792,2.75889,0.0307895
1451,2.7855,2.76049,0.0307859
1452,2.776,2.76142,0.0307777
1453,2.7625,2.76148,0.0307671
1454,2.766,2.76176,0.0307567
1455,2.762,2.76177,0.0307462
1456,2.758,2.76154,0.0307357
1457,2.761,2.76151,0.0307252
1458,2.765,2.76172,0.0307148
1459,2.755,2.76132,0.0307047
1460,2.7645,2.76151,0.0306943
1461,2.755,2.76112,0.0306842
1462,2.745,2.76015,0.0306763
1463,2.7465,2.75933,0.0306677
1464,2.746,2.75853,0.0306589
1465,2.7525,2.75817,0.0306488
1466,2.75,2.75768,0.030639
1467,2.769,2.75836,0.0306299
1468,2.767,2.75888,0.0306202
1469,2.748,2.75822,0.0306109
1470,2.743,2.75731,0.0306028
1471,2.7395,2.75624,0.0305955
1472,2.739,2.75521,0.030588
1473,2.7425,2.75445,0.0305792
1474,2.7395,2.75355,0.0305711
1475,2.719,2.75148,0.0305724
1476,2.737,2.75061,0.0305641
1477,2.74,2.74997,0.0305548
1478,2.7385,2.74928,0.0305458
1479,2.741,2.74879,0.0305361
1480,2.731,2.74772,0.0305289
1481,2.724,2.7463,0.0305241
1482,2.736,2.74568,0.0305149
1483,2.734,2.74498,0.0305059
1484,2.732,2.7442,0.0304973
1485,2.7385,2.74386,0.0304873
1486,2.7105,2.74186,0.0304879
1487,2.723,2.74072,0.0304811
1488,2.7355,2.74041,0.0304712
1489,2.729,2.73973,0.0304622
1490,2.7285,2.73905,0.0304532
1491,2.7235,2.73812,0.0304454
1492,2.7225,2.73718,0.0304375
1493,2.724,2.73639,0.030429
1494,2.707,2.73463,0.0304273
1495,2.697,2.73237,0.0304308
1496,2.6935,2.73004,0.0304353
1497,2.694,2.72788,0.0304377
1498,2.6965,2.72599,0.0304371
1499,2.7065,2.72482,0.0304306
1500,2.7085,2.72384,0.0304231
1501,2.71,2.72301,0.0304148
1502,2.716,2.72259,0.0304052
1503,2.7005,2.72127,0.0303998
1504,2.7105,2.72062,0.0303908
1505,2.713,2.72016,0.0303813
1506,2.709,2.71949,0.0303724
1507,2.7095,2.71889,0.0303633
1508,2.7095,2.71833,0.0303541
1509,2.7155,2.71816,0.0303441
1510,2.719,2.71821,0.0303341
1511,2.727,2.71874,0.0303248
1512,2.7275,2.71926,0.0303155
1513,2.741,2.72057,0.03031
1514,2.739,2.72167,0.0303033
1515,2.7475,2.72322,0.0302997
1516,2.7535,2.72504,0.0302985
1517,2.7585,2.72705,0.0302993
1518,2.751,2.72849,0.0302948
1519,2.7585,2.73029,0.0302935
1520,2.7535,2.73168,0.0302887
1521,2.7725,2.73413,0.0302947
1522,2.772,2.7364,0.0302985
1523,2.7765,2.73881,0.030304
1524,2.7825,2.74143,0.0303123
1525,2.774,2.74338,0.0303125
1526,2.7695,2.74495,0.0303091
1527,2.7535,2.74546,0.0302998
1528,2.754,2.74597,0.0302906
1529,2.752,2.74634,0.0302811
1530,2.78,2.74836,0.030282
1531,2.789,2.75079,0.0302878
1532,2.771,2.75201,0.0302818
1533,2.7725,2.75324,0.030276
1534,2.7695,2.75421,0.0302686
1535,2.7665,2.75495,0.0302602
1536,2.7685,2.75576,0.0302521
1537,2.775,2.75692,0.0302458
1538,2.7695,2.75767,0.0302375
1539,2.7715,2.7585,0.0302294
1540,2.7635,2.7588,0.0302199
1541,2.7685,2.75938,0.030211
1542,2.777,2.76044,0.0302041
1543,2.7775,2.76146,0.0301971
1544,2.7745,2.76225,0.0301889
1545,2.766,2.76247,0.0301793
1546,2.7705,2.76295,0.0301701
1547,2.7625,2.76293,0.0301604
1548,2.7785,2.76386,0.030153
1549,2.795,2.76573,0.0301524
1550,2.795,2.76749,0.0301508
1551,2.7985,2.76935,0.0301501
1552,2.8055,2.77152,0.0301528
1553,2.8025,2.77337,0.0301521
1554,2.808,2.77545,0.0301537
1555,2.821,2.77818,0.0301636
1556,2.8265,2.78108,0.0301758
1557,2.825,2.78372,0.0301843
1558,2.844,2.78734,0.0302087
1559,2.8355,2.79023,0.0302208
1560,2.8235,2.79222,0.0302215
1561,2.816,2.79365,0.0302171
1562,2.816,2.79499,0.0302121
1563,2.8245,2.79676,0.0302106
1564,2.8215,2.79824,0.0302066
1565,2.803,2.79853,0.0301972
1566,2.809,2.79916,0.0301886
1567,2.8145,2.80008,0.0301812
1568,2.8155,2.801,0.0301738
1569,2.819,2.80208,0.0301672
1570,2.8255,2.80349,0.0301627
1571,2.827,2.8049,0.0301582
1572,2.8255,2.80614,0.0301526
1573,2.819,2.80691,0.0301446
1574,2.814,2.80733,0.0301355
1575,2.823,2.80827,0.0301282
1576,2.801,2.80784,0.0301191
1577,2.7885,2.80668,0.030113
1578,2.796,2.80604,0.0301046
1579,2.789,2.80501,0.0300977
1580,2.7815,2.8036,0.0300933
1581,2.781,2.80225,0.0300886
1582,2.781,2.80097,0.0300833
1583,2.782,2.79983,0.0300771
1584,2.794,2.79948,0.0300679
1585,2.8105,2.80014,0.0300596
1586,2.813,2.80092,0.0300516
1587,2.82,2.80206,0.0300455
1588,2.831,2.8038,0.0300438
1589,2.837,2.80579,0.0300446
1590,2.849,2.80838,0.0300524
1591,2.8665,2.81187,0.0300741
1592,2.8755,2.81569,0.030102
1593,2.895,2.82045,0.0301505
1594,2.8695,2.82339,0.0301631
1595,2.887,2.82721,0.0301908
1596,2.889,2.83091,0.0302163
1597,2.896,2.83482,0.0302456
1598,2.8865,2.83792,0.0302605
1599,2.8855,2.84077,0.0302717
1600,2.8655,2.84226,0.0302679
1601,2.8615,2.84341,0.0302618
1602,2.84,2.84321,0.0302525
1603,2.8715,2.84491,0.0302503
1604,2.8565,2.8456,0.0302421
1605,2.8425,2.84541,0.0302328
1606,2.845,2.84539,0.0302234
1607,2.8535,2.84588,0.0302146
1608,2.837,2.84534,0.0302059
1609,2.8175,2.84367,0.0302036
1610,2.7975,2.8409,0.0302135
1611,2.813,2.83923,0.0302112
1612,2.793,2.83645,0.0302212
1613,2.7985,2.83418,0.0302249
1614,2.7935,2.83174,0.0302305
1615,2.7845,2.8289,0.0302414
1616,2.7915,2.82666,0.0302447
1617,2.791,2.82452,0.0302468
1618,2.7995,2.82302,0.0302431
1619,2.7995,2.82161,0.0302388
1620,2.8505,2.82334,0.030237
1621,2.859,2.82548,0.0302391
1622,2.873,2.82833,0.0302501
1623,2.888,2.83191,0.0302728
1624,2.894,2.83564,0.0302981
1625,2.8895,2.83887,0.0303148
1626,2.8705,2.84077,0.0303144
1627,2.8745,2.84279,0.0303153
1628,2.87,2.84442,0.0303126
1629,2.904,2.848,0.0303351
1630,2.8755,2.84965,0.0303325
1631,2.8735,2.85108,0.0303283
1632,2.893,2.85359,0.0303347
1633,2.91,2.85698,0.0303538
1634,2.9015,2.85965,0.0303621
1635,2.908,2.86255,0.0303736
1636,2.913,2.86558,0.030387
1637,2.8875,2.86689,0.030382
1638,2.909,2.86942,0.0303884
1639,2.8615,2.86894,0.0303797
1640,2.8495,2.86778,0.0303738
1641,2.824,2.86515,0.0303815
1642,2.8245,2.86271,0.0303869
1643,2.846,2.86171,0.0303801
1644,2.8475,2.86086,0.0303727
1645,2.825,2.85871,0.0303748
1646,2.8315,2.85707,0.0303721
1647,2.85,2.85665,0.0303634
1648,2.83,2.85505,0.0303604
1649,2.816,2.85271,0.0303647
1650,2.821,2.8508,0.0303643
1651,2.835,2.84986,0.0303573
1652,2.8435,2.84947,0.0303485
1653,2.8265,2.8481,0.030344
1654,2.833,2.84719,0.0303368
1655,2.823,2.84574,0.0303328
1656,2.817,2.84401,0.0303309
1657,2.784,2.84041,0.0303534
1658,2.774,2.83643,0.0303829
1659,2.7795,2.83301,0.0304022
1660,2.7885,2.83034,0.0304103
1661,2.795,2.82822,0.0304121
1662,2.7945,2.8262,0.0304129
1663,2.7905,2.82406,0.0304149
1664,2.7865,2.8218,0.0304181
1665,2.806,2.82086,0.0304111
1666,2.8175,2.82065,0.0304021
1667,2.8215,2.8207,0.030393
1668,2.819,2.8206,0.0303839
1669,2.8085,2.81988,0.0303761
1670,2.809,2.81922,0.030368
1671,2.8155,2.819,0.0303591
1672,2.819,2.819,0.03035
1673,2.8225,2.81921,0.030341
1674,2.83,2.81986,0.030333
1675,2.824,2.82011,0.0303241
1676,2.8235,2.82031,0.0303151
1677,2.8295,2.82086,0.0303068
1678,2.8275,2.82126,0.0302982
1679,2.8235,2.82139,0.0302892
1680,2.818,2.82119,0.0302803
1681,2.8075,2.82037,0.0302729
1682,2.7985,2.81906,0.0302681
1683,2.801,2.81797,0.0302619
1684,2.804,2.81713,0.0302546
1685,2.817,2.81713,0.0302457
1686,2.8255,2.81763,0.0302373
1687,2.8205,2.8178,0.0302284
1688,2.826,2.81829,0.03022
1689,2.8185,2.81831,0.0302111
1690,2.8175,2.81826,0.0302022
1691,2.8125,2.81791,0.0301935
1692,2.8235,2.81825,0.0301849
1693,2.8065,2.81754,0.0301772
1694,2.8125,2.81724,0.0301685
1695,2.8055,2.81654,0.0301608
1696,2.807,2.81596,0.0301527
1697,2.808,2.81549,0.0301443
1698,2.807,2.81498,0.0301361
1699,2.8225,2.81543,0.0301277
1700,2.824,2.81594,0.0301195
1701,2.85,2.81799,0.0301206
1702,2.8525,2.82006,0.0301221
1703,2.839,2.82119,0.0301163
1704,2.836,2.82208,0.0301094
1705,2.829,2.8225,0.0301009
1706,2.828,2.82283,0.0300924
1707,2.836,2.82362,0.0300851
1708,2.838,2.82448,0.030078
1709,2.8335,2.82502,0.0300699
1710,2.825,2.82502,0.0300612
1711,2.8335,2.82553,0.030053
1712,2.84,2.8264,0.030046
1713,2.8385,2.82712,0.0300385
1714,2.8365,2.82769,0.0300305
1715,2.8475,2.82887,0.0300251
1716,2.842,2.82966,0.0300178
1717,2.837,2.8301,0.0300096
1718,2.832,2.83022,0.0300009
1719,2.831,2.83026,0.0299922
1720,2.8395,2.83082,0.0299842
1721,2.8305,2.8308,0.0299755
1722,2.8325,2.8309,0.0299668
1723,2.8325,2.831,0.0299581
1724,2.835,2.83124,0.0299496
1725,2.833,2.83134,0.0299409
1726,2.841,2.83192,0.029933
1727,2.8465,2.8328,0.0299262
1728,2.8495,2.8338,0.0299199
1729,2.8725,2.83612,0.0299241
1730,2.8905,2.83938,0.0299406
1731,2.8925,2.84257,0.029956
1732,2.8885,2.84533,0.0299653
1733,2.893,2.84819,0.029976
1734,2.884,2.85034,0.0299783
1735,2.8865,2.85251,0.0299807
1736,2.8925,2.85491,0.0299857
1737,2.9,2.85761,0.0299943
1738,2.9025,2.8603,0.0300027
1739,2.901,2.86275,0.0300081
1740,2.9045,2.86525,0.0300143
1741,2.906,2.8677,0.0300197
1742,2.904,2.86987,0.0300222
1743,2.898,2.87156,0.0300203
1744,2.905,2.87357,0.0300211
1745,2.9015,2.87524,0.0300191
1746,2.9025,2.87688,0.0300167
1747,2.9265,2.87986,0.0300289
1748,2.9235,2.88248,0.0300363
1749,2.915,2.88443,0.0300366
1750,2.9165,2.88635,0.0300367
1751,2.92,2.88837,0.0300376
1752,2.92,2.89027,0.0300374
1753,2.929,2.89259,0.0300415
1754,2.929,2.89478,0.030044
1755,2.94,2.89749,0.0300526
1756,2.95,2.90064,0.0300671
1757,2.9335,2.90261,0.0300676
1758,2.9345,2.90453,0.0300675
1759,2.945,2.90695,0.0300726
1760,2.9565,2.90993,0.0300846
1761,2.95,2.91233,0.0300894
1762,2.955,2.91489,0.0300961
1763,2.9475,2.91685,0.0300964
1764,2.952,2.91896,0.0300981
1765,2.942,2.92034,0.030094
1766,2.9525,2.92227,0.0300941
1767,2.9505,2.92396,0.0300922
1768,2.948,2.92541,0.0300885
1769,2.951,2.92694,0.0300854
1770,2.939,2.92766,0.0300781
1771,2.9475,2.92885,0.0300729
1772,2.9485,2.93003,0.0300676
1773,2.945,2.93093,0.030061
1774,2.949,2.93202,0.0300552
1775,2.9485,2.933,0.030049
1776,2.9475,2.93387,0.0300423
1777,2.9475,2.93469,0.0300354
1778,2.9455,2.93534,0.0300279
1779,2.9445,2.93589,0.0300202
1780,2.9505,2.93677,0.0300135
1781,2.9495,2.93753,0.0300064
1782,2.949,2.93822,0.0299991
1783,2.9555,2.93926,0.0299932
1784,2.948,2.93978,0.0299854
1785,2.946,2.94015,0.0299773
1786,2.948,2.94062,0.0299694
1787,2.9415,2.94068,0.0299611
1788,2.94,2.94064,0.0299527
1789,2.946,2.94096,0.0299446
1790,2.939,2.94084,0.0299362
1791,2.947,2.94121,0.0299282
1792,2.975,2.94324,0.0299292
1793,2.9915,2.94613,0.0299401
1794,2.997,2.94919,0.029953
1795,3.011,2.95289,0.029976
1796,2.999,2.95566,0.0299851
1797,3.0065,2.95871,0.029998
1798,3.0065,2.96158,0.0300083
1799,3.005,2.96418,0.0300154
1800,3,2.96633,0.0300176
1801,3.0005,2.96838,0.0300188
1802,3,2.97028,0.0300186
1803,3.005,2.97236,0.0300201
1804,3.004,2.97426,0.03002
1805,2.9975,2.97566,0.030016
1806,2.9975,2.97697,0.0300116
1807,2.998,2.97823,0.0300069
1808,2.999,2.97947,0.0300021
1809,3.02,2.98191,0.0300072
1810,3.046,2.98575,0.0300323
1811,3.0545,2.98988,0.0300624
1812,3.0545,2.99375,0.0300879
1813,3.05,2.99713,0.0301052
1814,3.048,3.00018,0.0301179
1815,3.0445,3.00284,0.0301255
1816,3.058,3.00615,0.0301417
1817,3.05,3.00878,0.0301489
1818,3.062,3.01197,0.0301635
1819,3.091,3.01672,0.0302054
1820,3.0965,3.0215,0.0302482
1821,3.099,3.02615,0.030288
1822,3.098,3.03046,0.030321
1823,3.098,3.03452,0.0303491
1824,3.1025,3.03859,0.0303776
1825,3.102,3.0424,0.0304013
1826,3.0975,3.0457,0.0304172
1827,3.1,3.04896,0.0304323
1828,3.099,3.05196,0.0304438
1829,3.091,3.05431,0.0304476
1830,3.0915,3.05654,0.0304502
1831,3.093,3.05873,0.0304525
1832,3.0965,3.06099,0.0304554
1833,3.078,3.06201,0.0304494
1834,3.0835,3.0633,0.0304448
1835,3.078,3.06418,0.0304382
1836,3.0955,3.06606,0.0304377
1837,3.0945,3.06777,0.0304358
1838,3.0915,3.06919,0.0304319
1839,3.0995,3.07101,0.0304309
1840,3.0915,3.07224,0.030426
1841,3.0895,3.07328,0.03042
1842,3.093,3.07446,0.0304149
1843,3.0915,3.07548,0.0304089
1844,3.095,3.07665,0.0304037
1845,3.07,3.07625,0.0303958
1846,3.0285,3.07339,0.0304055
1847,3.049,3.07193,0.0304019
1848,3.055,3.07091,0.030396
1849,3.0605,3.07029,0.0303886
1850,3.053,3.06925,0.0303827
1851,3.0495,3.06806,0.0303776
1852,3.051,3.06704,0.0303717
1853,3.0615,3.06671,0.0303637
1854,3.09,3.0681,0.0303598
1855,3.0935,3.06963,0.0303567
1856,3.0975,3.0713,0.0303546
1857,3.1065,3.07341,0.0303561
1858,3.1165,3.076,0.0303625
1859,3.1165,3.07843,0.0303672
1860,3.1345,3.08179,0.0303836
1861,3.132,3.0848,0.0303951
1862,3.137,3.08794,0.0304082
1863,3.1455,3.09139,0.0304259
1864,3.155,3.09521,0.0304492
1865,3.1755,3.10002,0.0304911
1866,3.1745,3.10449,0.030526
1867,3.1755,3.10875,0.0305569
1868,3.185,3.11333,0.0305937
1869,3.1915,3.11802,0.0306326
1870,3.185,3.12204,0.030659
1871,3.1845,3.12579,0.0306809
1872,3.18,3.12904,0.0306953
1873,3.184,3.13234,0.0307103
1874,3.186,3.13556,0.0307242
1875,3.1865,3.13861,0.0307359
1876,3.1845,3.14137,0.0307438
1877,3.1935,3.14449,0.0307564
1878,3.1815,3.14671,0.0307587
1879,3.1715,3.1482,0.0307552
1880,3.1735,3.14972,0.0307519
1881,3.1515,3.14983,0.0307438
1882,3.18,3.15164,0.0307426
1883,3.1925,3.15409,0.0307472
1884,3.202,3.15696,0.0307565
1885,3.2045,3.15982,0.0307656
1886,3.213,3.16301,0.0307789
1887,3.2075,3.16568,0.0307858
1888,3.21,3.16834,0.0307926
1889,3.2275,3.17189,0.030811
1890,3.238,3.17585,0.030836
1891,3.2455,3.18003,0.0308646
1892,3.239,3.18357,0.0308827
1893,3.2255,3.18608,0.0308878
1894,3.2285,3.18863,0.0308933
1895,3.233,3.19129,0.0309
1896,3.224,3.19325,0.0308999
1897,3.233,3.19564,0.0309037
1898,3.227,3.19752,0.0309029
1899,3.232,3.19959,0.0309037
1900,3.2515,3.2027,0.0309159
1901,3.249,3.20548,0.0309238
1902,3.2505,3.20818,0.0309309
1903,3.257,3.21111,0.0309407
1904,3.2675,3.2145,0.0309564
1905,3.261,3.21729,0.0309645
1906,3.265,3.22015,0.0309734
1907,3.271,3.2232,0.0309846
1908,3.276,3.22637,0.0309973
1909,3.2795,3.22956,0.0310102
1910,3.2675,3.23183,0.0310129
1911,3.259,3.23346,0.0310103
1912,3.254,3.23469,0.0310053
1913,3.257,3.23603,0.0310009
1914,3.2575,3.23732,0.0309962
1915,3.2635,3.23889,0.0309932
1916,3.2675,3.24061,0.0309912
1917,3.3,3.24417,0.0310094
1918,3.288,3.2468,0.0310156
1919,3.287,3.24921,0.0310195
1920,3.281,3.25112,0.0310189
1921,3.2885,3.25336,0.0310212
1922,3.29,3.25556,0.031023
1923,3.2905,3.25766,0.031024
1924,3.292,3.25972,0.0310247
1925,3.2945,3.26181,0.0310256
1926,3.281,3.26296,0.0310202
1927,3.288,3.26446,0.0310168
1928,3.301,3.26665,0.0310187
1929,3.3065,3.26904,0.0310223
1930,3.297,3.27072,0.0310201
1931,3.301,3.27254,0.0310188
1932,3.295,3.27388,0.0310145
1933,3.301,3.27551,0.0310119
1934,3.3045,3.27725,0.0310101
1935,3.295,3.27832,0.0310044
1936,3.3105,3.28025,0.031004
1937,3.312,3.28215,0.0310034
1938,3.3125,3.28397,0.0310022
1939,3.312,3.28565,0.031
1940,3.314,3.28736,0.0309979
1941,3.3155,3.28904,0.0309957
1942,3.3245,3.29117,0.030997
1943,3.32,3.2929,0.0309951
1944,3.323,3.29471,0.0309937
1945,3.33,3.29682,0.0309949
1946,3.333,3.299,0.0309965
1947,3.331,3.30092,0.0309961
1948,3.3375,3.30311,0.0309979
1949,3.3415,3.30541,0.0310007
1950,3.3475,3.30794,0.0310057
1951,3.3575,3.31091,0.0310157
1952,3.351,3.31332,0.0310195
1953,3.349,3.31546,0.0310208
1954,3.36,3.31813,0.0310273
1955,3.36,3.32064,0.0310322
1956,3.36,3.323,0.0310355
1957,3.3575,3.32507,0.0310362
1958,3.3605,3.3272,0.0310374
1959,3.361,3.32923,0.0310378
1960,3.3625,3.33122,0.0310379
1961,3.3635,3.33316,0.0310376
1962,3.3555,3.3345,0.0310333
1963,3.3625,3.33618,0.0310311
1964,3.3775,3.33866,0.0310356
1965,3.3705,3.34057,0.031035
1966,3.3715,3.34243,0.031034
1967,3.3595,3.34345,0.0310283
1968,3.3615,3.34453,0.0310227
1969,3.3655,3.34579,0.031018
1970,3.362,3.34676,0.0310121
1971,3.355,3.34726,0.0310047
1972,3.3925,3.34997,0.0310116
1973,3.3815,3.35186,0.0310109
1974,3.388,3.35403,0.0310125
1975,3.387,3.35601,0.0310125
1976,3.387,3.35787,0.0310116
1977,3.3845,3.35947,0.0310088
1978,3.357,3.35932,0.031001
1979,3.3545,3.35903,0.0309934
1980,3.362,3.35921,0.0309856
1981,3.3675,3.35971,0.0309783
1982,3.384,3.36116,0.0309747
1983,3.3835,3.3625,0.0309705
1984,3.3865,3.36394,0.0309669
1985,3.389,3.36545,0.0309636
1986,3.387,3.36674,0.0309591
1987,3.3965,3.36853,0.0309577
1988,3.4055,3.37074,0.0309597
1989,3.41,3.3731,0.030963
1990,3.402,3.37483,0.0309612
1991,3.4035,3.37655,0.0309593
1992,3.391,3.37742,0.030953
1993,3.395,3.37848,0.0309475
1994,3.394,3.37941,0.0309414
1995,3.396,3.3804,0.0309357
1996,3.387,3.3808,0.0309282
1997,3.3885,3.38126,0.0309209
1998,3.323,3.37776,0.0309374
1999,3.271,3.37136,0.031011
2000,3.28,3.36588,0.0310626
2001,3.28,3.36072,0.0311072
2002,3.2745,3.35555,0.0311522
2003,3.278,3.3509,0.0311869
2004,3.3025,3.34799,0.0311957
2005,3.3065,3.3455,0.0312001
2006,3.3235,3.34418,0.0311957
2007,3.339,3.34387,0.0311881
2008,3.319,3.34238,0.0311847
2009,3.3455,3.34257,0.0311771
2010,3.35,3.34301,0.0311697
2011,3.3435,3.34304,0.0311619
2012,3.3475,3.34331,0.0311543
2013,3.355,3.34401,0.0311476
2014,3.355,3.34467,0.0311407
2015,3.356,3.34535,0.0311339
2016,3.3415,3.34512,0.0311263
2017,3.3445,3.34508,0.0311185
2018,3.3265,3.34397,0.0311133
2019,3.306,3.34169,0.0311157
2020,3.299,3.33913,0.0311208
2021,3.323,3.33816,0.0311149
2022,3.3375,3.33812,0.0311072
2023,3.3205,3.33706,0.0311017
2024,3.3065,3.33523,0.0311006
2025,3.334,3.33516,0.0310929
2026,3.332,3.33497,0.0310853
2027,3.3385,3.33518,0.0310778
2028,3.338,3.33535,0.0310702
2029,3.347,3.33605,0.0310635
2030,3.3445,3.33655,0.0310563
2031,3.314,3.3352,0.0310522
2032,3.318,3.33417,0.0310467
2033,3.359,3.33566,0.0310433
2034,3.357,3.33694,0.0310389
2035,3.343,3.3373,0.0310315
2036,3.3135,3.33587,0.0310279
2037,3.308,3.3342,0.0310257
2038,3.296,3.33191,0.0310283
2039,3.294,3.32964,0.0310307
2040,3.296,3.32762,0.031031
2041,3.2935,3.32557,0.0310315
2042,3.2665,3.32203,0.0310482
2043,3.316,3.32166,0.0310409
2044,3.3125,3.32111,0.0310339
2045,3.3305,3.32168,0.0310269
2046,3.331,3.32224,0.0310199
2047,3.329,3.32264,0.0310127
2048,3.3325,3.32323,0.0310058
2049,3.309,3.32238,0.0309996
2050,3.303,3.32122,0.0309947
2051,3.287,3.31916,0.0309953
2052,3.32,3.31921,0.0309877
2053,3.35,3.32106,0.0309868
2054,3.3475,3.32265,0.0309841
2055,3.3375,3.32354,0.0309781
2056,3.34,3.32453,0.0309724
2057,3.3625,3.32681,0.0309749
2058,3.3625,3.32895,0.0309762
2059,3.357,3.33063,0.0309741
2060,3.33,3.33059,0.0309666
2061,3.27,3.32696,0.0309845
2062,3.26,3.32294,0.031008
2063,3.262,3.31928,0.0310261
2064,3.267,3.31615,0.0310374
2065,3.266,3.31314,0.0310472
2066,3.2855,3.31148,0.031045
2067,3.277,3.30941,0.0310456
2068,3.2605,3.30648,0.0310546
2069,3.249,3.30303,0.0310698
2070,3.263,3.30063,0.0310733
2071,3.2865,3.29978,0.0310672
2072,3.2975,3.29964,0.0310597
2073,3.301,3.29972,0.0310522
2074,3.309,3.30028,0.0310453
2075,3.3065,3.30065,0.0310381
2076,3.305,3.30091,0.0310308
2077,3.299,3.3008,0.0310233
2078,3.3,3.30075,0.0310159
2079,3.32,3.30191,0.031011
2080,3.327,3.30341,0.0310078
2081,3.3135,3.30402,0.0310011
2082,3.307,3.3042,0.0309937
2083,3.3125,3.30469,0.0309867
2084,3.314,3.30525,0.0309799
2085,3.3095,3.30551,0.0309726
2086,3.3215,3.30647,0.0309669
2087,3.335,3.30818,0.0309651
2088,3.3195,3.30886,0.0309585
2089,3.313,3.30911,0.0309512
2090,3.313,3.30934,0.0309439
2091,3.3435,3.31139,0.0309445
2092,3.3385,3.31302,0.0309421
2093,3.351,3.3153,0.0309446
2094,3.3565,3.31777,0.0309488
2095,3.366,3.32066,0.0309572
2096,3.37,3.32362,0.0309664
2097,3.4,3.3282,0.0309987
2098,3.4095,3.33308,0.0310361
2099,3.4235,3.33851,0.0310841
2100,3.4265,3.34379,0.0311291
2101,3.421,3.34842,0.0311619
2102,3.425,3.35301,0.031194
2103,3.4235,3.35724,0.03122
2104,3.4185,3.36092,0.0312378
2105,3.4275,3.36491,0.0312602
2106,3.439,3.36936,0.0312896
2107,3.4555,3.37453,0.0313318
2108,3.4605,3.37969,0.0313738
2109,3.4725,3.38525,0.0314238
2110,3.475,3.39064,0.03147
2111,3.4925,3.39675,0.0315314
2112,3.4885,3.40226,0.0315798
2113,3.496,3.40788,0.0316304
2114,3.514,3.41425,0.0316972
2115,3.5495,3.42236,0.03181
2116,3.549,3.42996,0.0319076
2117,3.5415,3.43665,0.0319813
2118,3.547,3.44327,0.032053
2119,3.5535,3.44989,0.0321244
2120,3.541,3.45535,0.0321706
2121,3.524,3.45947,0.0321935
2122,3.5155,3.46283,0.0322062
2123,3.509,3.4656,0.0322124
2124,3.54,3.47007,0.0322405
2125,3.537,3.47408,0.0322618
2126,3.5305,3.47747,0.0322747
2127,3.5255,3.48035,0.032282
2128,3.521,3.48279,0.032285
2129,3.5265,3.48541,0.0322897
2130,3.5015,3.48638,0.0322838
2131,3.4875,3.48645,0.0322762
2132,3.508,3.48774,0.0322717
2133,3.5325,3.49042,0.032277
2134,3.5265,3.49259,0.0322777
2135,3.5385,3.49534,0.0322837
2136,3.5415,3.49811,0.0322898
2137,3.5445,3.5009,0.032296
2138,3.5495,3.50381,0.0323036
2139,3.545,3.50628,0.0323068
2140,3.544,3.50855,0.0323084
2141,3.5475,3.51088,0.0323105
2142,3.562,3.51395,0.0323197
2143,3.5575,3.51656,0.0323242
2144,3.546,3.51833,0.0323222
2145,3.541,3.51969,0.0323179
2146,3.534,3.52055,0.0323117
2147,3.5255,3.52085,0.0323044
2148,3.5295,3.52136,0.0322973
2149,3.5295,3.52185,0.0322902
2150,3.537,3.52276,0.0322842
2151,3.555,3.5247,0.0322833
2152,3.5615,3.5269,0.0322844
2153,3.5485,3.5282,0.0322799
2154,3.5485,3.52942,0.032275
2155,3.5505,3.53068,0.0322703
2156,3.5485,3.53175,0.0322649
2157,3.543,3.53243,0.0322582
2158,3.5465,3.53327,0.032252
2159,3.5405,3.53371,0.0322448
2160,3.5465,3.53447,0.0322384
2161,3.5615,3.53609,0.0322356
2162,3.544,3.53657,0.0322285
2163,3.5465,3.53716,0.0322217
2164,3.5585,3.53844,0.0322172
2165,3.551,3.5392,0.0322107
2166,3.5705,3.54108,0.0322095
2167,3.563,3.54239,0.0322051
2168,3.575,3.54435,0.0322044
2169,3.59,3.54709,0.0322102
2170,3.576,3.54882,0.032208
2171,3.5825,3.55084,0.0322078
2172,3.594,3.55343,0.0322121
2173,3.53,3.55203,0.0322082
2174,3.532,3.55082,0.0322033
2175,3.5015,3.54787,0.0322112
2176,3.46,3.54259,0.0322524
2177,3.4585,3.53755,0.0322895
2178,3.4985,3.5352,0.0322917
2179,3.5225,3.53444,0.0322853
2180,3.5495,3.53535,0.0322793
2181,3.5545,3.5365,0.0322742
2182,3.5675,3.53836,0.0322728
2183,3.5565,3.53944,0.0322675
2184,3.553,3.54026,0.0322613
2185,3.5505,3.54087,0.0322545
2186,3.557,3.54184,0.0322488
2187,3.5835,3.54434,0.0322523
2188,3.5765,3.54627,0.0322514
2189,3.5825,3.54844,0.0322523
2190,3.59,3.55094,0.0322557
2191,3.5965,3.55367,0.0322613
2192,3.593,3.55603,0.0322636
2193,3.593,3.55825,0.0322648
2194,3.591,3.56021,0.0322641
2195,3.591,3.56206,0.0322627
2196,3.6,3.56434,0.0322643
2197,3.6075,3.56693,0.0322686
2198,3.596,3.56867,0.0322665
2199,3.6085,3.57106,0.0322691
2200,3.6035,3.57301,0.0322683
2201,3.603,3.57481,0.0322665
2202,3.5795,3.57509,0.0322593
2203,3.582,3.5755,0.0322523
2204,3.592,3.57649,0.0322467
2205,3.589,3.57724,0.0322404
2206,3.5885,3.57792,0.0322338
2207,3.591,3.5787,0.0322276
2208,3.588,3.57926,0.0322209
2209,3.593,3.58009,0.0322147
2210,3.577,3.5799,0.0322075
2211,3.5435,3.57772,0.0322084
2212,3.567,3.57707,0.0322019
2213,3.5805,3.57728,0.0321947
2214,3.592,3.57816,0.0321887
2215,3.5825,3.57842,0.0321816
2216,3.599,3.57966,0.032177
2217,3.6,3.58088,0.0321723
2218,3.596,3.58179,0.0321664
2219,3.5995,3.58285,0.0321611
2220,3.599,3.58382,0.0321555
2221,3.5975,3.58464,0.0321494
2222,3.601,3.58562,0.0321439
2223,3.6065,3.58687,0.0321393
2224,3.6195,3.58883,0.0321387
2225,3.6265,3.59109,0.0321402
2226,3.6225,3.59297,0.0321391
2227,3.629,3.59514,0.0321399
2228,3.6275,3.59708,0.0321391
2229,3.6225,3.5986,0.0321359
2230,3.6245,3.60016,0.0321328
2231,3.63,3.60195,0.0321311
2232,3.6345,3.6039,0.0321305
2233,3.6465,3.60646,0.0321344
2234,3.6385,3.60838,0.0321336
2235,3.6605,3.61151,0.0321431
2236,3.677,3.61544,0.0321622
2237,3.6775,3.61916,0.0321787
2238,3.687,3.62323,0.0321997
2239,3.6825,3.62679,0.0322141
2240,3.7195,3.63235,0.0322594
2241,3.7465,3.6392,0.0323318
2242,3.7245,3.64432,0.0323689
2243,3.7215,3.64895,0.0323979
2244,3.723,3.65339,0.032424
2245,3.7155,3.65712,0.0324401
2246,3.7095,3.66026,0.0324495
2247,3.6995,3.66261,0.0324517
2248,3.7255,3.66639,0.0324684
2249,3.7225,3.66975,0.0324802
2250,3.7395,3.67394,0.0325024
2251,3.722,3.67682,0.0325091
2252,3.7185,3.67932,0.0325124
2253,3.722,3.68188,0.0325161
2254,3.727,3.68459,0.0325212
2255,3.7235,3.68693,0.0325231
2256,3.7205,3.68894,0.0325227
2257,3.7245,3.69107,0.0325231
2258,3.726,3.69317,0.0325232
2259,3.7345,3.69565,0.0325263
2260,3.7515,3.699,0.0325378
2261,3.7425,3.70161,0.032542
2262,3.7425,3.70406,0.0325448
2263,3.74,3.70622,0.0325454
2264,3.745,3.70855,0.0325472
2265,3.742,3.71055,0.0325467
2266,3.7435,3.71253,0.0325461
2267,3.7485,3.71469,0.0325466
2268,3.6495,3.71078,0.0325649
2269,3.6205,3.70536,0.0326064
2270,3.6105,3.69967,0.0326529
2271,3.599,3.69363,0.032706
2272,3.5885,3.68732,0.0327644
2273,3.5855,3.68121,0.0328186
2274,3.5935,3.67595,0.0328569
2275,3.5665,3.66938,0.0329204
2276,3.564,3.66306,0.0329786
2277,3.55,3.65628,0.0330465
2278,3.577,3.65152,0.0330761
2279,3.5525,3.64558,0.0331262
2280,3.5335,3.63885,0.0331923
2281,3.5325,3.63247,0.033251
2282,3.5625,3.62827,0.0332722
2283,3.544,3.62322,0.0333062
2284,3.538,3.6181,0.033341
2285,3.5505,3.61405,0.0333602
2286,3.564,3.61105,0.0333674
2287,3.545,3.60708,0.0333854
2288,3.539,3.603,0.0334049
2289,3.5635,3.60063,0.0334066
2290,3.569,3.59873,0.0334051
2291,3.549,3.59575,0.0334121
2292,3.558,3.59348,0.033413
2293,3.5595,3.59144,0.0334124
2294,3.5465,3.58875,0.0334167
2295,3.541,3.58588,0.0334226
